year,name,num
1992,Aaliyah,1
2012,Aaliyah,1
2014,Aaliyah,2
2017,Aaliyah,1
2000,Aaron,1
2001,Aaron,5
2013,Aaron,1
1999,Abby,1
2013,Abby,1
1959,Abe,1
2019,Abel,2
1968,Abraham,1
2014,Abraham,1
1981,Ace,1
2000,Ace,1
2011,Ace,2
2013,Ace,2
2015,Ace,2
2018,Ace,7
1980,Adam,1
1982,Adam,1
1988,Adam,1
1997,Adam,1
2007,Adam,1
2017,Adam,1
2013,Addison,2
1995,Adina,1
1979,Adonis,1
1987,Adonis,1
2019,Adrien,1
2001,Aisha,1
1986,Al,5
1988,Al,1
1992,Al,1
1994,Al,1
1995,Al,1
2009,Al,1
2012,Al,2
2013,Al,1
2018,Al,6
1974,Albert,1
1980,Albert,1
1979,Alberta,1
1983,Aldo,2
1987,Alex,1
1989,Alex,1
2019,Alexa,1
2003,Alexander,1
2013,Alexander,3
2009,Alfred,1
2015,Alfredo,1
2002,Ali,1
2016,Ali,2
2018,Ali,5
1967,Alice,3
1976,Alice,13
1979,Alice,1
2002,Alice,1
1978,Alicia,1
2009,Alicia,1
2011,Alicia,1
1978,Alison,1
2017,Alissa,2
2003,Allen,1
2011,Allie,1
2011,Alonzo,1
1986,Amanda,6
2016,Amber Rose,1
1960,America,1
1969,America,11
1975,America,4
1976,America,1
1978,America,3
1981,America,10
1983,America,28
1986,America,27
1988,America,15
1989,America,1
1994,America,2
1995,America,1
1997,America,8
2000,America,2
2008,America,8
2009,America,15
2011,America,9
2012,America,2
2013,America,3
2018,America,17
2019,America,2
1975,Amie,5
1973,Amos,1
2003,Amy,1
2008,Amy,11
2009,Amy,1
2010,Amy,1
1990,Ana,1
2003,Anastasia,1
1980,Andre,1
1998,Andre,1
2017,Andre,1
2001,Andrew,3
2018,Andrew,1
1973,Andy,8
1993,Andy,8
2018,Andy,1
1998,Angel,1
2008,Angela,1
2015,Angela,2
2016,Angela,2
1989,Angelia,8
2000,Angelina,1
2009,Angelina,1
2012,Angelina,1
1973,Angie,18
1995,Angie,2
2003,Anita,3
2018,Anita,2
1996,Ann,1
2012,Ann,1
2017,Ann,1
1960,Anna,1
2012,Anna,1
1969,Anna Lee,2
2006,Anna Molly,15
2010,Anna Nicki,1
2010,Anna Nicole,1
2017,Anna Nicole,2
2003,Annabella,2
1995,Anne,1
2001,Anne,1
1977,Annette,1
1960,Annie,3
1980,Annie,1
1988,Annie,33
1991,Annie,6
2001,Annie,24
2013,Annie,7
2015,Annie,2
2018,Annie,1
2003,Annie Mae,1
1978,Anthony,1
1975,Anton,1
1960,Antone,2
1973,Antone,1
1976,Antone,1
2000,Antone,1
1972,April,7
1974,April,2
1984,April,2
2017,April,1
2005,Archie,1
2010,Archie,1
1975,Aretha,1
2009,Aretha,1
2014,Aretha,1
2017,Aretha,1
2018,Ari,1
2016,Ariana,2
2014,Armando,1
1996,Armani,2
2013,Armani,1
1994,Arnold,1
2018,Arnold,1
1975,Arthur,3
2002,Ashanti,1
2005,Ashley,1
2007,Ashley,1
2019,Ashley,1
2011,Ashton,1
1993,Asia,1
1973,Aubrey,1
1966,August,2
1984,August,1
2002,August,1
2005,August,1
2014,August,2
1985,Austin,1
2001,Austin,4
2009,Austin,1
2014,Austin,2
2015,Austin,1
1997,Autumn,1
1959,Baby,10
1961,Baby,17
1962,Baby,15
1967,Baby,52
1968,Baby,38
1969,Baby,71
1970,Baby,18
1972,Baby,55
1977,Baby,53
1978,Baby,40
1979,Baby,72
1981,Baby,29
1984,Baby,56
1986,Baby,48
1989,Baby,69
1990,Baby,52
1991,Baby,122
1993,Baby,67
1996,Baby,89
1998,Baby,67
1999,Baby,93
2000,Baby,115
2002,Baby,86
2003,Baby,64
2005,Baby,101
2008,Baby,124
2010,Baby,240
2011,Baby,95
2013,Baby,152
2018,Baby,128
2019,Baby,30
2007,Bailey,1
2008,Bambi,1
1959,Barbara,1
1962,Barbara,4
1974,Barbara,3
2014,Barbara,1
1966,Barbara Ann,35
2010,Barbra,1
2011,Barbra,6
1972,Barney,1
2004,Barney,3
2014,Barney,2
2017,Barney,1
2011,Barry,1
2016,Barry,1
2017,Barry,1
2019,Barry,1
2003,Bart,1
2018,Bart,1
1980,Beau,1
1992,Becky,1
2003,Becky,1
2010,Becky,1
2011,Becky,1
2016,Becky,4
2017,Becky,3
2019,Becky,1
2018,Bella,1
1968,Bella Linda,13
1978,Belle,7
1997,Belle,1
2003,Belle,1
2015,Belle,1
1972,Ben,6
1998,Ben,1
1999,Ben,1
2006,Ben,1
2009,Ben,3
2012,Ben,1
2014,Ben,1
2015,Ben,2
2017,Ben,8
1997,Benjamin,1
2000,Benjamin,1
2009,Benjamin,1
2012,Benjamin,1
2013,Benjamin,1
2015,Benjamin,2
2018,Benjamin,1
1974,Bennie,43
1978,Benny,1
1996,Benny,1
2011,Benny,1
1985,Bentley,1
1998,Bentley,2
2000,Bentley,3
2001,Bentley,16
2003,Bentley,3
2008,Bentley,3
2009,Bentley,1
2010,Bentley,31
2013,Bentley,3
2015,Bentley,7
2018,Bentley,56
1959,Bernadette,2
1967,Bernadette,9
2009,Bernice,1
2014,Bernice,1
2009,Bernie,1
2013,Berry,1
1998,Bert,1
2010,Beth,5
1993,Betsy,1
1964,Betty,1
1966,Betty,1
1986,Betty,6
1999,Betty,2
2005,Betty,1
1966,Betty Lou,1
2005,Betty Lou,1
1996,Beverly,1
2007,Beverly,1
2014,Beverly,1
2017,Beverly,2
1958,Bill,1
1963,Bill,2
1966,Bill,19
1994,Bill,1
1995,Bill,1
1997,Bill,3
2002,Bill,1
2005,Bill,2
2008,Bill,2
2010,Bill,4
2013,Bill,1
2018,Bill,2
2002,Billie,1
2005,Billie Jean,1
2011,Billie Jean,2
2014,Billie Jean,1
2017,Billie Jean,2
2019,Billie Jean,2
1967,Billy,6
1968,Billy,2
1971,Billy,1
1972,Billy,1
1974,Billy,17
1980,Billy,1
1985,Billy,18
1994,Billy,3
1995,Billy,1
2009,Billy,1
2014,Billy,2
2017,Billy,1
2018,Billy Jean,6
2009,Blake,1
1970,Bo,1
1991,Bo,1
2001,Bo,1
2004,Bo,1
2006,Bo,5
2017,Bo,1
1973,Bob,2
1991,Bob,5
2005,Bob,1
2008,Bob,1
2010,Bob,2
2011,Bob,2
2013,Bob,1
2018,Bob,1
1994,Bobbie Joe,1
1959,Bobby,1
1966,Bobby,1
1967,Bobby,1
1968,Bobby,1
1971,Bobby,31
1972,Bobby,2
1974,Bobby,2
1979,Bobby,1
1981,Bobby,1
1983,Bobby,1
1985,Bobby,1
1988,Bobby,2
1997,Bobby,4
2004,Bobby,1
2005,Bobby,3
2007,Bobby,3
2013,Bobby,1
2015,Bobby,1
2010,Bobby Ray,2
1969,Bonnie,2
2000,Bonnie,1
2017,Bonnie,1
2018,Bonnie,1
1961,Boston,4
1970,Boston,1
1975,Boston,1
1980,Boston,1
2000,Boston,1
2006,Boston,5
2014,Boston,9
1999,Brad,1
2006,Brad,1
2016,Brad,1
2018,Braden,1
1997,Bradley,4
1991,Brady,1
2018,Brady,1
1978,Brandy,10
1997,Brandy,1
2010,Brandy,1
2019,Brandy,1
2001,Branson,1
2010,Braxton,1
2001,Brenda,1
1989,Brenda Lee,2
1989,Bret,1
2013,Bria,1
1971,Brian,1
2006,Bridgette,1
2004,Britney,1
2007,Britney,2
2009,Britney,5
2010,Britney,1
2018,Britney,1
2015,Brittany,1
2017,Brittany,1
2016,Brittney,1
2011,Brodie,1
1998,Brook,1
1968,Brooklyn,3
1987,Brooklyn,3
1989,Brooklyn,2
1993,Brooklyn,2
1994,Brooklyn,2
1999,Brooklyn,1
2004,Brooklyn,3
2005,Brooklyn,6
2010,Brooklyn,2
2014,Brooklyn,2
2017,Brooklyn,1
2019,Brooklyn,1
2003,Bruce,3
2010,Bruce,7
2011,Bruce,2
2018,Bruce,1
2018,Bryan,2
1983,Bryant,1
1993,Buck,1
2004,Buck,3
2006,Buck,1
2007,Buck,1
2017,Buck,1
1962,Bud,1
1991,Bud,1
2005,Bud,1
2010,Bud,5
2011,Bud,3
2016,Bud,1
2018,Bud,1
1970,Buddy,1
1971,Buddy,1
1992,Buddy,3
2006,Burt,1
1960,Buster,3
1973,Buster,11
2005,Byron,1
1960,Cali,3
1997,Cali,41
2002,Cali,1
2003,Cali,1
2005,Cali,1
2008,Cali,1
2010,Cali,1
2011,Cali,1
2012,Cali,1
2013,Cali,1
2018,Cali,4
2019,Cali,1
1994,Calvin,1
2000,Calvin,1
2003,Calvin,1
2012,Cameron,1
2005,Camille,1
1974,Candy,20
1982,Candy,1
1998,Candy,1
2004,Candy,1
2005,Candy,1
1971,Carey,5
1969,Carl,2
1995,Carl,2
2017,Carl,1
1977,Carlo,1
1980,Carlo,1
2001,Carlo,1
2006,Carlos,1
2011,Carlos,1
2016,Carlos,3
2017,Carlton,3
1967,Carmine,2
2017,Carol,1
1964,Carolina,1
1970,Carolina,13
1975,Carolina,1
2008,Carolina,1
2013,Carolina,7
2014,Carolina,2
2015,Carolina,1
1966,Caroline,4
1974,Caroline,1
1986,Caroline,2
2004,Caroline,3
2016,Caroline,2
2017,Caroline,6
1974,Carolyn,1
1977,Carrie,1
2018,Carrie,1
1967,Carroll,1
2000,Carson,1
2004,Carter,2
2017,Carter,1
1960,Casey,4
1962,Casey,1
1985,Casey,1
2007,Casey,1
2009,Cash,1
2018,Cash,1
2010,Cassie,2
1962,Catalina,1
2005,Catherine,1
2007,Cathy Lee,1
2015,Cecilia,3
2014,Celine,1
2015,Celine,1
2003,Cesar,1
2002,Chadwick,1
2002,Chanel,1
2005,Chanel,1
2010,Chanel,1
2011,Chanel,3
2016,Chanel,5
2017,Chanel,17
2018,Chanel,36
2019,Chanel,8
2004,Charlene,4
1991,Charles,5
1993,Charles,1
1996,Charles,2
1972,Charlie,1
1973,Charlie,1
1974,Charlie,1
1976,Charlie,2
1997,Charlie,2
2003,Charlie,1
2004,Charlie,1
1974,Charlotte,1
1995,Charlotte,1
2018,Chase,2
1997,Chaz,1
1967,Chelsea,1
1969,Chelsea,4
2009,Chelsea,1
2015,Chelsea,1
1989,Cherish,3
1984,Cherry,1
2004,Cherry,1
1969,Chet,1
2000,Cheyenne,1
2012,Cheyenne,1
2018,Cheyenne,3
2011,Chiquita,1
2010,Chloe,1
2013,Chloe,7
2006,Chris,3
2007,Chris,2
2009,Chris,4
2015,Chris,1
2016,Chris,3
2017,Chris,3
1984,Christian,3
1998,Christian,1
2003,Christian,1
2008,Christian,1
2010,Christian,1
2011,Christian,1
2016,Christian,1
2018,Christian,6
1991,Christina,1
2000,Christina,1
2001,Christina,1
2003,Christina,2
2013,Christina,1
1995,Christine,1
1971,Christopher,1
2001,Christopher,2
2015,Christopher,1
1993,Christy,1
1966,Chuck,2
1979,Chuck,11
1989,Chuck,1
1997,Chuck,1
2002,Chuck,2
2012,Chuck,1
2017,Chyna,1
1990,Cindy,1
1993,Cindy,1
2000,Cindy,1
1994,Claire,1
1967,Clarence,1
1988,Clark,1
1991,Clark,1
2015,Clark,1
1993,Claudia,1
1960,Clementine,5
2012,Cleo,1
1974,Cleveland,1
1976,Cleveland,1
1994,Cleveland,1
1996,Cleveland,1
2005,Cleveland,4
2011,Cleveland,1
2018,Cleveland,1
1992,Cliff,1
1996,Clinton,1
1969,Clyde,2
1985,Clyde,1
2002,Clyde,5
2018,Clyde,1
2014,Cole,2
2016,Cole,2
2019,Cole,2
2000,Coleman,1
2013,Coleman,1
1996,Columbus,1
1973,Connie,1
2018,Corey,1
1998,Courtney,1
2001,Courtney,1
2018,Craig,2
2005,Cristal,2
2007,Cristian,1
2018,Cruz,1
1998,Crystal,1
2009,Crystal,1
2005,Curtis,1
1994,Daisy,1
1975,Daisy Jane,1
2010,Dakota,1
1975,Dallas,2
1976,Dallas,1
1985,Dallas,1
1991,Dallas,1
1993,Dallas,1
1996,Dallas,2
2001,Dallas,3
2002,Dallas,1
2013,Dallas,1
2018,Dallas,2
2017,Damon,1
1962,Dan,1
1998,Dan,1
2017,Dana,1
2006,Dani,1
2018,Danica,1
1973,Daniel,9
1984,Danny,1
2002,Danny,1
2016,Danny,5
2018,Danny,1
2019,Danny,1
1961,Darin,1
1967,Dave,1
1987,Dave,1
2015,Dave,1
1996,David,2
1999,David,1
2004,David,1
2014,David,1
2015,David,1
2016,David,4
2017,David,1
1973,Dawn,3
1981,Dawn,1
1992,Dawn,1
2018,Dawn,1
1994,Dayton,1
1978,Deacon,3
1976,Dean,1
1978,Dean,1
2003,Dean,1
2010,Dean,1
1990,Debbie,1
2002,Debbie,1
2004,Debbie,1
1961,Dee,1
2013,Dee,2
2017,Deja,3
1960,Delilah,5
1968,Delilah,9
1970,Delilah,1
2007,Delilah,7
2015,Delilah,1
2018,Delilah,1
2017,Demarcus,1
2013,Demi,1
1982,Dennis,1
1998,Dennis,1
2008,Dennis,1
2016,Dennis,1
2019,Dennis,1
1969,Denver,1
1993,Denver,1
1996,Denver,2
1998,Denver,1
2010,Denzel,1
2016,Denzel,1
2018,Denzel,1
2007,Derek,1
2014,Derek,1
2015,Derek,2
2017,Derek,1
2013,Derrick,1
1967,Desiree,8
2014,Devin,1
2017,Dexter,7
2011,Diamond,1
2018,Diamond,1
2017,Diana,1
2018,Diana,1
1962,Diane,12
1995,Dick,1
1979,Diego,1
2001,Diego,1
1999,Dinah,1
1976,Dino,2
1966,Dixie,1
1977,Dixie,2
2008,Dixie,1
1971,Dolly,7
2011,Dolly,1
1977,Dolores,1
1971,Don,2
1984,Don,1
1994,Don,1
1996,Don,2
1997,Don,1
2004,Don,4
2005,Don,1
2007,Don,5
2010,Don,1
2011,Don,1
2016,Don,3
2017,Don,3
2018,Don,2
1997,Don Mack,1
2012,Donald,1
1998,Donna,1
1998,Donny,1
2015,Dora,1
1979,Dorian,1
1997,Dorothy,1
1978,Doug,1
1995,Doug,1
1970,Douglas,1
2010,Drake,3
2011,Drake,2
2013,Drake,4
2018,Drake,10
2000,Drew,1
2010,Drew,1
2018,Drew,6
1962,Duke,29
1977,Duke,1
1993,Duke,1
1994,Dusty,1
2010,Dwayne,2
2018,Dwayne,1
2019,Dwayne,3
2012,Dwight,1
2013,Dwight,1
1989,Dylan,1
2003,Dylan,1
2018,Dylan,1
1962,Earl,13
1982,Earl,4
1991,Earl,2
1967,Easter,1
2000,Easter,1
1990,Ed,1
1991,Ed,1
2015,Ed,1
2016,Ed,1
2015,Edd,1
1983,Eddie,1
1985,Eddie,11
1990,Eddie,2
1995,Eddie,1
2001,Eddie,1
2018,Eddie,2
2016,Eddy,1
1975,Eden,1
1978,Eden,1
1989,Eden,1
1990,Eden,1
1993,Eden,1
2010,Eden,1
1967,Edgar,1
1976,Edmund,3
2009,Edna,1
1983,Eileen,20
1979,Elaine,1
1966,Eleanor,2
1969,Eleanor,6
2008,Eleanor,2
2010,Eli,2
2016,Eli,2
2017,Eli,2
2018,Elijah,1
1977,Ella,1
2009,Ellen,1
2017,Ellen,1
2003,Elliot,1
2018,Elliott,1
1963,Ellis,1
1999,Elmer,1
2004,Elmo,1
1983,Eloise,1
2017,Elroy,1
1981,Elvira,19
1982,Elvis,1
1991,Elvis,1
1993,Elvis,3
1999,Elvis,2
2004,Elvis,4
2006,Elvis,1
2007,Elvis,2
2009,Elvis,1
2010,Elvis,1
2012,Elvis,2
2018,Elvis,1
2019,Elvis,1
1961,Emerald,1
2013,Emily,1
2003,Emmett,1
2013,Emmett,1
2014,Emory,2
2017,Emory,2
2015,Enrique,1
2018,Era,1
1996,Eric,1
1998,Eric,2
2009,Eric,1
2016,Eric,1
2017,Eric,2
1999,Erica,3
2016,Erica,1
2004,Erika,1
2011,Erin,1
2008,Estelle,2
2015,Ethan,1
1974,Ethel,4
2006,Eva,1
2017,Eva,1
1969,Eve,2
1976,Eve,1
1980,Eve,1
1988,Eve,1
1997,Eve,1
2000,Eve,6
2001,Eve,1
2006,Eve,3
2013,Eve,1
2003,Evelyn,1
2000,Fabian,1
1960,Fannie Mae,1
1968,Fanny,11
1975,Fanny,3
2002,Farrah,2
2015,Felicia,1
2017,Felicia,1
1994,Fidel,1
1972,Floy,35
1972,Floy Joy,14
1977,Floyd,2
2010,Floyd,1
2018,Floyd,2
2006,Ford,4
2007,Ford,2
2008,Ford,4
2011,Ford,1
2013,Ford,1
2016,Ford,5
2018,Ford,1
2019,Ford,1
2011,Forrest,1
1993,Fran,1
2010,Fran,1
1998,Francis,1
1962,Francisco,3
1969,Francisco,2
1995,Francisco,1
1966,Frank,3
1968,Frank,2
1973,Frank,1
1998,Frank,2
2007,Frank,1
2016,Frank,3
2017,Frank,2
2018,Frank,4
2019,Frank,1
1959,Frankie,13
1966,Frankie,6
1986,Frankie,1
1998,Frankie,1
2002,Frankie,1
2005,Frankie,1
2007,Frankie,1
2011,Frankie,1
1968,Franklin,16
2001,Franklin,1
2007,Franklin,1
2011,Franklin,1
2012,Franklin,1
1966,Fred,3
1983,Fred,2
1972,Freddie,10
2001,Freddie,2
2007,Freddie,2
2017,Freddie,1
1994,Freddy,1
2012,Freddy,1
2018,Freddy,1
1976,Gail,1
2003,Garth,1
2004,Gary,1
2014,Gary,2
1979,Gayle,1
1960,George,3
1971,George,7
1972,George,1
1973,George,2
1986,George,1
1992,George,8
1998,George,1
2005,George,1
2007,George,2
2011,George,2
2017,George,1
2018,George,3
1964,Georgia,4
1969,Georgia,1
1975,Georgia,1
1977,Georgia,6
1978,Georgia,10
1994,Georgia,3
1997,Georgia,2
1999,Georgia,1
2000,Georgia,2
2001,Georgia,7
2003,Georgia,4
2006,Georgia,2
2008,Georgia,2
2012,Georgia,2
2013,Georgia,4
2014,Georgia,3
2015,Georgia,4
1992,Georgie,4
2018,Georgie,2
2017,Gerald,3
1986,Gianni,1
2017,Gilbert,1
1970,Gillian,1
2000,Gina,1
2015,Gina,1
1975,Ginger,1
1990,Ginger,1
1962,Ginny,4
2006,Giovanni,1
2007,Giuseppe,2
2012,Giuseppe,1
1992,Gladys,1
1978,Glen,1
1982,Gloria,12
2007,Gloria,1
2000,Goldie,2
1989,Grace,1
1990,Grace,1
2002,Grace,1
2007,Grace,3
1958,Grayson,1
2002,Greg,2
1981,Greta,1
2011,Griffin,1
2017,Griselda,2
1975,Gus,2
1990,Guy,1
1992,Guy,1
2013,Guy,1
2018,Guy,2
2005,Gwen,1
2007,Gwen,1
1996,Halle,1
2000,Halle,1
2008,Halle,1
2013,Halle,2
1968,Hank,2
1977,Hank,2
1979,Hank,1
1995,Hank,1
2006,Hank,1
2009,Hank,4
2014,Hank,1
2015,Hank,1
2017,Hank,1
1972,Hanna,3
1970,Hannah,2
1979,Hannah,7
2016,Hannah,1
1980,Hans,1
1980,Hardy,1
1985,Harley,1
1994,Harley,1
2001,Harley,1
2009,Harley,3
2014,Harley,2
1969,Harold,1
1994,Harold,2
1961,Harry,1
1963,Harry,10
1972,Harry,8
1979,Harry,1
1980,Harry,2
1990,Harry,1
2009,Harry,1
2011,Harry,1
2018,Harry,1
1981,Harvey,1
2018,Harvey,1
1997,Hassan,1
1973,Hattie,10
2013,Haven,1
2018,Hayley,1
2018,Heath,1
1959,Heaven,2
1961,Heaven,2
1962,Heaven,1
1967,Heaven,4
1968,Heaven,2
1969,Heaven,13
1970,Heaven,22
1972,Heaven,3
1974,Heaven,3
1977,Heaven,4
1979,Heaven,4
1983,Heaven,3
1986,Heaven,8
1988,Heaven,1
1989,Heaven,7
1990,Heaven,14
1991,Heaven,9
1993,Heaven,12
1996,Heaven,4
1998,Heaven,6
1999,Heaven,6
2000,Heaven,2
2002,Heaven,6
2003,Heaven,6
2005,Heaven,2
2008,Heaven,7
2010,Heaven,4
2011,Heaven,2
2012,Heaven,9
2013,Heaven,6
2018,Heaven,3
2019,Heaven,5
1973,Helen,6
1974,Helen,1
2008,Helena Jane,1
2001,Henry,4
2003,Henry,1
2005,Hilary,1
2005,Hillary,1
1989,Hilton,1
2017,Hilton,2
1993,Hollis,1
1969,Holly,10
1992,Holly,1
2016,Holly,1
1965,Houston,15
1971,Houston,1
1974,Houston,15
1977,Houston,1
2001,Houston,2
2005,Houston,1
2006,Houston,2
2007,Houston,2
2014,Houston,1
2015,Houston,1
2016,Houston,1
2017,Houston,2
1994,Howard,1
2004,Howard,1
1977,Hudson,2
1985,Hudson,1
1998,Hudson,1
1998,Huey,2
1962,Ida Jane,4
1995,Iesha,1
2005,Ike,1
2010,Ike,2
2017,Ike,1
2018,Ike,3
1970,India,1
2018,India,1
2012,Irene,1
2004,Irwin,1
2017,Isiah,1
2011,Israel,1
2017,Israel,3
2018,Ivan,4
1958,Jack,1
1966,Jack,1
1969,Jack,16
1973,Jack,2
1983,Jack,2
1988,Jack,2
1989,Jack,1
1994,Jack,2
1997,Jack,1
2001,Jack,1
2002,Jack,4
2003,Jack,1
2009,Jack,2
2010,Jack,2
2011,Jack,11
2012,Jack,3
2013,Jack,2
2018,Jack,10
1972,Jackie,1
1989,Jackie,14
1998,Jackie,21
2002,Jackie,2
2017,Jackie,1
2018,Jackie,20
2019,Jackie,1
1967,Jackson,16
1974,Jackson,3
1976,Jackson,1
1991,Jackson,1
2005,Jackson,1
2011,Jackson,1
2016,Jackson,3
2017,Jackson,2
2019,Jackson,1
1979,Jaclyn,1
2002,Jacob,1
2004,Jacob,1
2005,Jacob,1
2007,Jacob,1
2010,Jacob,1
2017,Jacob,1
2019,Jacob,2
1997,Jada,1
2000,Jada,1
2004,Jada,1
2005,Jada,5
2010,Jada,1
2018,Jade,1
2018,Jaden,1
2008,Jake,1
1993,Jamar,2
2018,Jamar,1
1971,James,1
1972,James,1
1973,James,1
1974,James,2
1982,James,4
1986,James,1
1987,James,1
1989,James,2
1992,James,2
2002,James,1
2005,James,1
2010,James,4
2011,James,1
2016,James,5
2017,James,3
2018,James,2
2019,James,1
2017,Jameson,1
2009,Jamie,2
2017,Jamie Lee,1
1959,Jane,12
1962,Jane,16
1969,Jane,3
1975,Jane,1
1980,Jane,2
2001,Jane,3
2006,Jane,5
2007,Jane,4
2008,Jane,5
2015,Jane,1
2017,Jane,8
1992,Janet,1
1994,Janet,1
2000,Janet,4
2001,Janet,1
2009,Janet,1
2012,Janet,1
2015,Janet,2
1989,Janie,16
1995,Janine,1
2017,Jared,2
2004,Jason,1
2011,Jason,1
2014,Jason,3
2017,Jason,2
2019,Jason,2
1962,Jasper,1
2005,Jasper,3
1992,Jay,1
1997,Jay,4
2004,Jay,6
2006,Jay,2
2007,Jay,5
2009,Jay,5
2015,Jay,2
2016,Jay,4
2017,Jay,13
2015,Jay Ray,1
2011,Jay Sean,1
1970,Jean,2
2002,Jean,1
2004,Jeanie,2
1980,Jeannie,14
1969,Jeff,2
2016,Jeffery,1
2004,Jeffrey,1
2010,Jeffrey,1
2013,Jeffrey,1
2018,Jeffrey,1
1968,Jennifer,22
2004,Jennifer,1
2005,Jennifer,1
2014,Jennifer,2
1959,Jenny,17
1960,Jenny,3
1963,Jenny,3
2000,Jenny,2
2002,Jenny,11
2008,Jenny,1
2011,Jenny,1
2013,Jenny,1
2018,Jenny,1
1971,Jeremiah,1
2009,Jermaine,1
2016,Jermaine,1
1984,Jerome,1
2013,Jerome,2
1968,Jerry,1
1972,Jerry,1
1983,Jerry,1
2009,Jerry,1
2012,Jerry,1
2017,Jerry,2
2009,Jerry Lee,1
1991,Jess,2
1970,Jesse,1
1977,Jesse,1
1980,Jesse,15
1982,Jesse,2
1985,Jesse,18
2006,Jessica,1
2007,Jessica,1
2008,Jessica,2
2009,Jessica,4
1958,Jessie,1
1993,Jessie,11
2014,Jessie,1
1971,Jesus,14
1973,Jesus,11
1974,Jesus,2
1975,Jesus,11
1976,Jesus,2
1986,Jesus,1
1989,Jesus,5
1990,Jesus,3
1995,Jesus,5
1996,Jesus,7
1998,Jesus,3
2000,Jesus,3
2002,Jesus,1
2003,Jesus,4
2004,Jesus,9
2005,Jesus,13
2010,Jesus,6
2011,Jesus,10
2013,Jesus,10
2016,Jesus,8
2018,Jesus,10
2019,Jesus,1
1979,Jewel,1
1965,Jill,1
2005,Jill,3
1958,Jim,1
1961,Jim,1
1963,Jim,7
1973,Jim,30
1975,Jim,5
1978,Jim,1
2007,Jim,1
2011,Jim,3
2017,Jim,2
2018,Jim,2
1959,Jimmy,6
1961,Jimmy,22
1967,Jimmy,1
1968,Jimmy,6
1972,Jimmy,2
1977,Jimmy,1
1985,Jimmy,1
1990,Jimmy,2
1998,Jimmy,2
1999,Jimmy,2
2004,Jimmy,1
2006,Jimmy,1
2009,Jimmy,4
2010,Jimmy,2
2011,Jimmy,1
2016,Jimmy,12
2018,Jimmy,7
1986,Jimmy Lee,11
1978,Jo,1
1980,Jo,6
1992,Jo,1
2000,Jo,1
2008,Jo,5
1993,Jo-Jo,1
1959,Joan,1
1970,Joan,2
1995,Joan,1
2017,Joan,1
1970,Joanne,5
1995,Joanne,1
1985,Jody,1
1992,Jody,1
1961,Joe,5
1967,Joe,7
1968,Joe,1
1970,Joe,12
1972,Joe,4
1986,Joe,1
1989,Joe,3
1991,Joe,1
1993,Joe,32
1996,Joe,1
1998,Joe,4
2000,Joe,3
2003,Joe,3
2008,Joe,2
2009,Joe,2
2011,Joe,2
2012,Joe,1
2013,Joe,32
2018,Joe,5
1964,Joey,1
1970,Joey,1
1973,Joey,1
1975,Joey,6
2003,Joey,1
2009,Joey,8
1959,John,1
1961,John,25
1962,John,29
1965,John,1
1968,John,1
1971,John,3
1974,John,3
1979,John,2
1989,John,2
1992,John,2
1995,John,1
1997,John,3
1998,John,2
2004,John,3
2010,John,5
2011,John,34
2014,John,9
2016,John,5
2017,John,7
1996,John Paul,1
1989,Johnnie,1
1959,Johnny,28
1960,Johnny,12
1962,Johnny,3
1965,Johnny,1
1974,Johnny,4
1979,Johnny,5
1982,Johnny,21
1987,Johnny,7
1989,Johnny,8
1990,Johnny,3
1992,Johnny,7
1997,Johnny,20
2004,Johnny,1
2007,Johnny,3
2011,Johnny,2
2017,Johnny,4
1983,Johnny Ray,1
2009,Johnny Ray,1
1968,Johnson,2
2005,Johnson,1
2017,Johnson,1
1974,Jolene,31
2008,Jon,1
2009,Jon,2
2018,Jonas,2
1999,Jonathan,1
1993,Joni,1
1965,Jordan,1
1996,Jordan,1
2002,Jordan,1
2005,Jordan,1
2010,Jordan,2
2011,Jordan,1
2016,Jordan,4
2017,Jordan,5
2018,Jordan,3
1965,Jose,1
2002,Jose,9
2003,Jose,1
1989,Joseph,2
1960,Josephine,2
1967,Josephine,1
2007,Josephine,1
2016,Josh,2
2018,Josh,1
2018,Joshua,2
1972,Josie,2
1977,Joy,1
2017,Joy,1
1969,Juan,1
1979,Juan,1
2001,Juan,1
2004,Juan,1
2006,Juan,1
2012,Juan,1
2015,Juan,2
1985,Juanita,2
1968,Jude,36
2005,Jude,1
2011,Jude,1
1958,Judy,1
1975,Julie,6
1959,Juliet,1
1977,Juliet,4
1978,Juliet,2
1989,Juliet,2
1993,Juliet,2
1995,Juliet,1
2008,Juliet,7
2013,Juliet,1
2018,Juliet,1
1972,Julio,2
2014,Julio,1
2016,Julio,3
2017,Julio,1
2017,Julius,1
1963,June,1
1964,June,1
1970,June,3
1975,June,1
1985,June,2
1988,June,1
1996,June,3
1999,June,1
2000,June,2
2001,June,5
2008,June,2
2009,June,4
2015,June,2
1965,Junior,1
2002,Junior,1
2016,Justin,1
1996,Justine,1
2016,Kai,1
2003,Karen,1
1993,Karl,1
2012,Karma,1
2013,Karma,1
1979,Kate,1
1985,Kate,1
2007,Kate,1
2013,Kate,1
2003,Kathie,1
2004,Kathie Lee,1
1972,Kathy,2
2018,Kathy,1
2017,Katia,1
1960,Katie,1
2010,Katrina,2
2012,Katrina,1
2015,Katy,3
2018,Katy,1
2000,Kay,1
2018,Kay,1
1985,Kayleigh,8
2016,Keisha,1
2017,Keisha,2
2018,Keisha,4
2019,Keisha,1
1988,Keith,2
1993,Keith,1
2001,Keith,1
2003,Keith,1
2008,Keith,3
2010,Keith,1
2011,Keith,2
2013,Keith,1
1982,Kelly,1
1992,Kelly,1
1995,Kelly,1
2004,Kelly,3
2005,Kelly,1
2007,Kelly,4
2010,Kelly,2
2017,Kelly,7
2018,Kelly,5
1973,Ken,6
1997,Ken,4
2007,Ken,1
2015,Ken,1
1973,Kendal,1
2014,Kendall,1
2017,Kendall,2
2017,Kendrick,2
1975,Kennedy,1
1989,Kennedy,2
1993,Kennedy,1
2013,Kennedy,1
2018,Kennedy,1
1986,Kenneth,1
1994,Kenneth,2
2011,Kenny,1
2017,Kenny,4
2019,Kenny,1
1992,Kevin,3
1999,Kevin,1
2008,Kevin,1
2009,Kevin,1
2015,Kevin,1
2017,Kevin,3
2018,Khalid,1
2011,Khloe,1
2018,Khloe,1
1993,Kim,1
1996,Kim,1
2002,Kim,2
2003,Kim,3
2004,Kim,1
2005,Kim,3
2010,Kim,1
2011,Kim,1
2016,Kim,1
2018,Kim,3
2019,Kim,2
2018,Kimberly,1
1991,King,2
2008,King,1
2010,King,11
2011,King,1
2013,King,2
2018,King,3
2005,Kingston,1
2008,Kingston,4
2009,Kingston,1
2017,Kirk,1
1965,Kitty,4
1993,Kitty,1
1975,Knox,1
2002,Kobe,1
2010,Kobe,2
2013,Kobe,1
2016,Kobe,5
2018,Kobe,2
2016,Kourtney,1
1993,Kris,6
1994,Kris,1
2008,Kurt,1
1980,Kurtis,1
1992,Kyle,1
2014,Kylie,1
2013,Lamar,1
2016,Lamar,1
1990,Lana,1
1967,Lane,6
1972,Lane,1
1980,Lane,2
1984,Lane,1
2005,Laney,3
2018,Lara,2
1989,Larry,1
1992,Larry,1
1995,Larry,1
2010,Larry,11
2018,Larry,1
1983,Laura,2
2008,Laurel,1
2018,Lauren,1
1998,Lauryn,1
2002,Lauryn,2
2018,Lauryn,2
1992,Layla,12
1998,Leann,1
1958,Lee,7
1971,Lee,1
1975,Lee,2
1988,Lee,1
1994,Lee,1
2012,Lee,1
2014,Lee,1
2017,Lee,1
1981,Leila,7
2004,Lenny,2
2003,Leo,1
2013,Leo,1
2018,Leo,1
1999,Leonardo,1
1973,Leroy,6
2003,Levi,1
2018,Levi,1
1996,Lexus,1
1997,Lexus,1
2002,Lexus,1
2004,Lexus,2
1976,Liberty,1
1962,Lilly,1
2011,Lilly,4
1960,Lincoln,1
1982,Lincoln,1
1962,Linda,4
1979,Linda,1
1985,Linda,1
1993,Linda,1
2011,Lindsay,1
2017,Lindsay,1
1959,Lindy,1
1971,Lisa,6
1979,Lisa,1
1990,Lisa,1
1991,Lisa,1
2001,Lisa,1
2006,Lisa,3
2014,Lisa,1
2017,Lisa,6
2018,Liz,4
2004,Lloyd,2
2017,Logan,1
1988,Lois,1
2017,Lois,1
1970,Lola,24
1978,Lola,4
1981,Lola,2
1981,Lolita,1
1978,Lon,2
1969,London,1
1973,London,1
1976,London,5
1979,London,4
1980,London,1
1983,London,2
1985,London,1
1999,London,1
2006,London,49
2008,London,3
2009,London,1
2014,London,2
2015,London,5
2011,Lorena,1
2001,Lorenzo,2
2013,Lorenzo,1
1974,Lou,1
1982,Lou,2
1988,Lou,1
2006,Lou,1
2007,Lou,1
2008,Lou,1
2015,Lou,4
1959,Louie,1
1960,Louie,1
1993,Louie,1
1996,Louie,1
2011,Louie,2
1963,Louis,1
2000,Louis,1
2003,Louis,1
2006,Louis,5
2008,Louis,16
2009,Louis,12
2012,Louis,8
2014,Louis,2
2015,Louis,1
1984,Louise,3
2011,Louise,3
1968,Lucille,24
1972,Lucille,1
1977,Lucille,4
2010,Lucille,1
1970,Lucretia,1
1964,Lucy,2
1966,Lucy,2
1973,Lucy,1
1983,Lucy,17
1985,Lucy,3
2000,Lucy,1
2001,Lucy,1
2010,Lucy,1
2015,Lucy,2
1968,Luke,3
2010,Luke,1
2011,Luke,2
2016,Luke,1
2017,Luke,4
2018,Luke,1
1984,Luna,2
2006,Lupe,1
2009,Lupe,1
2014,Lupe,1
1983,Luther,8
2003,Luther,5
2018,Luther,1
2000,Lyle,1
1986,Lyman,1
1993,Mac,3
1994,Mac,2
1996,Mac,1
1999,Mac,1
2000,Mac,3
2002,Mac,1
2013,Mac,4
2015,Mac,1
2018,Mac,3
1959,Mack,1
1960,Mack,1
1962,Mack,1
1994,Mack,2
1999,Mack,2
2014,Mack,1
2017,Mack,1
2013,Macy,1
1994,Madeline,1
1969,Madison,2
1982,Madison,1
2014,Madison,1
2008,Madonna,4
2010,Madonna,4
1970,Maggie,22
1979,Maggie,1
1995,Maggie,1
2013,Mai,1
2018,Mai,1
2012,Malaysia,1
1980,Malcolm,1
1992,Malcolm,1
2009,Malcolm,1
2011,Malcolm,2
2017,Malcolm,3
2018,Malcolm,1
2009,Malcom,1
1993,Malik,7
1974,Mandy,10
1976,Mandy,5
1999,Mandy,1
2006,Marc,2
2012,Marc,1
2013,Marc,1
2018,Marc,1
1996,Marcia,1
1999,Marcus,1
2015,Marcus,1
2018,Marcus,1
2017,Marcy,1
2018,Marcy,1
1959,Margie,8
1969,Maria,2
1973,Maria,9
1977,Maria,2
2000,Maria,14
2003,Mariah,1
2010,Mariah,1
2016,Mariah,2
2018,Mariah,1
1976,Marianne,5
1966,Marie,1
1984,Marie,1
2011,Marie,1
2016,Marie,1
2017,Marie,1
1969,Marie-Claire,1
2011,Marietta,1
1987,Marilyn,2
2014,Marilyn,1
2011,Marin,1
2016,Marina,2
1974,Mario,1
1993,Mario,1
2006,Mario,1
2007,Mario,1
2017,Mario,2
1959,Mark,1
1972,Mark,1
1984,Mark,13
2010,Marley,2
2011,Marley,4
2014,Marley,1
2016,Marley,1
2018,Marlin,1
2018,Marlo,2
1983,Marlon,2
1984,Marquis,1
2004,Marshall,2
2005,Marshall,3
2012,Martha,1
2015,Martha,1
1968,Martin,1
1982,Martin,1
1998,Martin,1
2007,Martin,1
2010,Martin,11
2011,Martin,1
2016,Martin,1
2017,Martin,3
2019,Martin,1
1972,Martin Luther,1
2005,Martin Luther,3
2017,Martin Luther,1
2018,Martin Luther,1
2018,Marvel,1
1964,Marvin,1
1985,Marvin,2
1987,Marvin,1
1994,Marvin,1
2001,Marvin,1
2012,Marvin,2
2014,Marvin,3
2015,Marvin,13
2017,Marvin,1
1958,Mary,4
1963,Mary,8
1964,Mary,1
1969,Mary,11
1970,Mary,3
1973,Mary,1
1975,Mary,1
1978,Mary,4
1988,Mary,39
1990,Mary,1
1992,Mary,2
1998,Mary,2
2000,Mary,2
2001,Mary,3
2003,Mary,4
2006,Mary,1
2008,Mary,5
2009,Mary,8
2012,Mary,7
2013,Mary,1
2005,Mary Ann,1
2000,Mary Anne,3
1959,Mary Jane,1
1997,Mary Jane,1
2009,Mary Jane,2
2014,Mary Jane,1
1958,Mary Lou,1
1961,Mary Lou,14
1966,Mary Sue,1
2018,Mary-Kate,2
1961,Mason,1
1963,Mason,1
1998,Mason,2
2003,Mason,1
2009,Mason,1
2000,Matthew,1
2017,Matthew,1
1973,Maurice,1
2003,Maurice,1
1997,Max,1
1998,Max,1
2017,Max,3
2019,Max,1
2004,Maxine,2
1961,May,2
1969,May,8
1972,May,3
1979,May,1
1986,May,2
1989,May,1
1998,May,7
1999,May,1
2000,May,1
2005,May,1
2008,May,1
2010,May,1
1981,Maya,1
2018,Maya,2
2016,Meagan,1
2017,Meagan,1
2018,Meagan,1
1979,Meg,1
2002,Mekhi,1
1972,Melissa,4
2013,Melissa,1
2016,Melissa,1
2013,Melody,1
1980,Mercedes,1
1988,Mercedes,10
1992,Mercedes,1
1997,Mercedes,1
2000,Mercedes,3
2001,Mercedes,2
2006,Mercedes,3
2008,Mercedes,1
2009,Mercedes,1
2012,Mercedes,2
2014,Mercedes,1
2015,Mercedes,5
2017,Mercedes,7
1965,Mercy,1
1972,Mercy,2
2012,Mercy,3
2013,Mercy,1
1974,Mervin,1
1999,Mia,1
2010,Mia,1
1966,Michael,8
1990,Michael,1
1995,Michael,1
1998,Michael,1
2000,Michael,1
2003,Michael,3
2004,Michael,1
2005,Michael,2
2010,Michael,3
2011,Michael,4
2013,Michael,8
2016,Michael,5
2018,Michael,18
2004,Micheal,1
2005,Micheal,1
2007,Micheal,1
2014,Micheal,1
2001,Michelle,1
2010,Michelle,1
2014,Michelle,15
2017,Michelle,1
1982,Mickey,57
1989,Mickey,1
2014,Mickey,1
2017,Mickey,1
2019,Mickey,1
1979,Mike,1
1983,Mike,1
1988,Mike,3
1993,Mike,3
1995,Mike,1
1996,Mike,1
1998,Mike,1
2006,Mike,3
2007,Mike,1
2008,Mike,3
2009,Mike,4
2012,Mike,1
2014,Mike,1
2015,Mike,2
2017,Mike,11
2008,Milan,1
2018,Milan,1
2009,Miley,1
2011,Miley,1
1964,Miller,4
2012,Miller,1
1984,Milo,1
2011,Milo,1
1988,Milton,1
2005,Mimi,1
2003,Minnie,3
2001,Mira,1
1995,Miranda,1
2010,Miranda,1
1997,Missy,1
2003,Missy,1
2008,Missy,1
2012,Missy,1
2018,Missy,1
1986,Mitch,1
2018,Mitch,2
1998,Moe Dee,1
2018,Mohamed,1
2010,Mohammed,1
1958,Molly,2
2016,Molly,1
2017,Molly,9
2018,Molly,9
2019,Molly,2
1959,Mona Lisa,5
1961,Mona Lisa,1
1969,Mona Lisa,4
1982,Mona Lisa,2
1999,Mona Lisa,1
2007,Mona Lisa,2
2017,Mona Lisa,3
1994,Monica,4
1999,Monica,3
2000,Monica,1
2003,Monica,2
2014,Monica,1
2017,Monica,1
2017,Monique,4
1978,Monroe,1
1984,Monroe,1
1990,Monroe,1
2003,Monroe,1
2006,Montana,1
2007,Montana,1
2016,Montana,6
2017,Montana,5
2014,Monte,1
2001,Morgan,1
2011,Morgan,1
1985,Morris,1
1959,Moses,1
1968,Moses,1
1969,Moses,1
1970,Moses,6
1985,Moses,1
1991,Moses,1
1993,Moses,3
2004,Moses,1
2009,Moses,1
2010,Moses,1
2018,Moses,2
1979,Muhammad,1
2016,Muhammad,2
2017,Muhammad,1
1991,Muriel,1
2002,Murphy,2
2003,Murphy,1
1995,Murray,1
2003,Murray,1
2005,Mya,1
1985,Nancy,1
2001,Nancy,1
1993,Naomi,1
2013,Naomi,1
2018,Naomi,1
1969,Napoleon,1
2009,Napoleon,3
1968,Neil,1
1966,Nellie,2
2005,Nelly,2
2006,Nia,2
2010,Nia,1
2014,Nia,1
2016,Nia,1
2017,Nia,1
1997,Nick,1
2000,Nick,1
2005,Nick,1
2015,Nick,3
2017,Nick,4
2010,Nicki,12
2011,Nicki,6
2014,Nicki,8
2016,Nicki,4
2017,Nicki,7
2011,Nicki Nick,1
1993,Nicky,2
2016,Nicky,3
2017,Nicky,8
2018,Nico,5
2006,Nicole,2
2011,Nicole,1
2017,Nicole,1
2003,Niki,1
1986,Nikita,18
2014,Nikki,1
2011,Niko,1
2014,Nina,1
2016,Nina,1
1959,Noah,1
1966,Noah,1
1968,Noah,1
2005,Noah,1
2017,Noble,1
2002,Norma,1
1995,Norman,2
2008,Oakley,1
2011,Oliver,1
2015,Olivia,11
1992,Ollie,7
2014,Omar,1
1976,Ophelia,4
2017,Orlando,3
2008,Orville,1
1989,Oscar,1
2016,Oscar,5
1967,Otis,1
1996,Pablo,1
2016,Pablo,2
2017,Pablo,1
2018,Pablo,9
2000,Pam,1
2003,Pam,1
1988,Pamela,6
1999,Pamela,2
2007,Pamela,1
2009,Pamela,1
1962,Paris,1
1969,Paris,2
1974,Paris,2
1977,Paris,1
1979,Paris,1
1980,Paris,2
1982,Paris,1
1983,Paris,1
1984,Paris,2
1987,Paris,1
1988,Paris,1
1990,Paris,1
1996,Paris,1
1998,Paris,1
1999,Paris,2
2001,Paris,1
2006,Paris,1
2009,Paris,3
2014,Paris,1
2015,Paris,2
2016,Paris,4
2017,Paris,13
1993,Parker,1
2009,Pat,1
2015,Pat,1
2011,Patricia,1
1979,Patrick,1
2017,Patrick,1
1975,Patty,4
1998,Patty Sue,1
1960,Paul,1
1973,Paul,1
1976,Paul,3
1981,Paul,1
1989,Paul,2
2003,Paul,1
2005,Paul,3
2016,Paul,1
2000,Paula,1
2010,Paula,1
2015,Paula,1
1961,Pedro,11
1978,Peggy,2
1978,Peggy Sue,17
2006,Penelope,1
2014,Penelope,1
2016,Penelope,2
1973,Penny,2
2015,Penny,1
2018,Perry,1
1960,Pete,7
1962,Pete,2
1972,Pete,2
1979,Pete,1
1984,Pete,1
1991,Pete,1
1993,Pete,1
2013,Pete,1
2015,Pete,1
2018,Pete,1
1968,Peter,1
1976,Peter,2
1988,Peter,1
1992,Peter,1
1997,Peter,1
2002,Peter,1
2003,Peter,2
2005,Peter,1
2012,Peter,1
2017,Peter,3
2006,Peyton,1
2015,Peyton,1
1988,Phil,1
1997,Phil,1
1998,Phil,2
2000,Phil,2
2009,Phil,2
2014,Phil,1
1975,Philip,1
1982,Philip,1
2016,Phillip,2
2005,Phoenix,1
1991,Pierre,1
2009,Portia,1
1961,Presley,1
1991,Presley,1
1997,Prince,1
1998,Prince,1
2000,Prince,1
2002,Prince,1
2008,Prince,2
2009,Prince,1
2012,Prince,1
2015,Prince,2
2018,Prince,5
1962,Queen,2
1966,Queen,1
1997,Queen,2
2015,Queen,2
1997,Quentin,1
1968,Quinn,11
2016,Rae,1
2018,Rae,1
1983,Ralph,1
1994,Ralph,1
1995,Ramona,3
1989,Randy,1
2010,Randy,1
2016,Randy,7
2018,Randy,1
1997,Raphael,1
2018,Rashad,1
1960,Ray,1
1968,Ray,1
1979,Ray,1
1993,Ray,1
1996,Ray,2
2001,Ray,1
2002,Ray,1
2009,Ray,1
2010,Ray,1
2011,Ray,7
2012,Ray,1
2013,Ray,6
2015,Ray,1
2009,Ray Jay,1
2011,Ray Ray,2
2005,Raymond,1
2007,Raymond,1
2010,Raymond,2
1989,Reagan,1
2014,Rebecca,2
2006,Reese,1
2010,Reggie,1
2018,Reggie,1
2016,Regina,1
2004,Regis,1
2018,Remy,1
2019,Remy,1
1990,Renee,1
2001,Renee,1
1969,Reuben James,17
2016,Rey,1
1976,Rhiannon,8
1984,Richard,1
1994,Richard,1
1995,Richard,1
2015,Richard,1
2017,Richard,5
1997,Richie,1
2006,Richie,2
2015,Richie,1
1985,Rick,1
1992,Rick,1
1999,Rick,1
2001,Rick,1
2006,Rick,2
2007,Rick,1
2008,Rick,1
2013,Rick,3
2017,Rick,8
2015,Rickey,1
2004,Ricki,1
1984,Ricky,3
1989,Ricky,3
1994,Ricky,1
2005,Ricky,4
2007,Ricky,24
2016,Ricky,2
2017,Ricky,1
2019,Ricky Bobby,1
2005,Rico,2
2016,Rico,1
2018,Rico,1
2019,Rico,1
2007,Rihanna,1
2017,Rihanna,1
1992,Riley,1
2018,Riley,1
1972,Rita,1
1990,Rita,1
1992,Rita,1
1995,Rita,1
2017,Rita,1
2018,River,2
1994,Rob,1
1995,Rob,2
2005,Rob,1
1998,Robbie,1
1959,Robert,1
1982,Robert,1
1999,Robert,1
2011,Robert,1
2018,Robert,2
2010,Roberto,4
1958,Robin,1
1969,Robin,2
1980,Robin,1
1995,Robin,1
2008,Robin,1
2012,Robin,1
1972,Rocky,9
1977,Rocky,3
1993,Rocky,1
2001,Rocky,1
2007,Rocky,1
2015,Rocky,1
1999,Rod,1
1993,Rodney,1
1995,Rodney,2
2017,Rodney,2
2002,Roger,1
2007,Roger,1
2010,Roger,9
2011,Roger,1
2018,Roger,1
1974,Rollin,6
1959,Roma,9
2010,Roman,3
2011,Roman,8
1958,Romeo,1
1960,Romeo,1
1963,Romeo,1
1965,Romeo,1
1976,Romeo,3
1978,Romeo,2
1989,Romeo,7
1994,Romeo,1
1995,Romeo,1
2008,Romeo,7
2010,Romeo,2
2013,Romeo,1
2018,Romeo,4
1991,Ron,4
2002,Ron,1
2008,Ron,2
2010,Ron,1
1974,Ron Ron,1
2008,Ronald,1
1984,Ronnie,1
1986,Ronnie,8
2017,Ronny,1
1996,Roosevelt,1
2009,Rosa,2
1997,Roscoe,1
1961,Rose,4
1965,Rose,2
1971,Rose,1
2010,Rose,4
2011,Rose,4
1970,Rosemary,4
2001,Rosemary,4
2018,Ross,2
2019,Ross,1
1979,Roxanne,14
2004,Roxanne,2
2003,Roy,2
2012,Roy,1
2018,Royal,1
1976,Royce,1
2005,Royce,1
2014,Royce,1
2015,Royce,5
2016,Royce,1
2017,Royce,1
1969,Ruby,11
1970,Ruby,10
1987,Ruby,4
1967,Ruby Tuesday,4
1958,Rudolph,11
2001,Russ,1
2003,Russell,1
2008,Russell,1
2018,Russell,1
1982,Ruth,1
2003,Ruth,1
1972,Ruth Ann,6
2008,Ryan,3
2018,Ryan,3
1986,Ryder,1
2012,Sade,1
2014,Sade,1
2017,Sade,1
1994,Sadie,2
2018,Sadie,1
1967,Sally,1
1975,Sally,1
1977,Sally,1
1978,Sally,8
1980,Sally,1
1983,Sally,3
2006,Sally,2
2008,Sally,1
2010,Sally,1
2019,Sally,5
1959,Sam,9
1962,Sam,12
1967,Sam,2
1968,Sam,1
1969,Sam,2
1972,Sam,6
1974,Sam,3
1977,Sam,12
1986,Sam,1
1991,Sam,2
1993,Sam,4
1999,Sam,3
2000,Sam,4
2002,Sam,1
2003,Sam,1
2005,Sam,1
2008,Sam,4
2011,Sam,1
2018,Sam,2
2009,Samantha,1
1959,Sammy,2
2011,Sammy,1
2018,Sammy,1
1987,Samson,1
1990,Samson,2
2011,Sandra,1
2018,Sandra,3
1963,Sandy,6
2011,Sandy,1
2016,Sandy,1
2017,Sandy,1
2018,Sandy,1
2002,Santana,2
2005,Santana,2
2011,Santana,1
2018,Santana,1
2018,Santos,2
1979,Sara,4
2014,Sara,4
1981,Sarah,1
2004,Sarah,1
2010,Sarah,1
2004,Sasha,1
2017,Savannah,1
2009,Scarlett,1
1976,Scott,1
2005,Scott,1
2007,Scott,2
2018,Scott,4
2013,Scottie,1
2018,Scottie,1
2006,Scotty,55
2001,Sean,1
2009,Sean,1
2017,Sean,3
2011,Sean Don,1
2012,Sean Don,1
2018,Sean Don,1
2009,Sean John,1
2002,Sean Paul,1
2003,Sean Paul,7
2012,Selena,2
1965,Selma,1
2005,Serena,2
2016,Serena,1
2017,Serena,1
2003,Sergio,1
2017,Seth,1
2006,Shakira,2
2007,Shakira,6
2013,Shakira,3
2018,Shakira,1
1982,Shane,1
2017,Shane,1
2006,Shania,1
1991,Shanice,1
1992,Shaquille,1
2006,Shaquille,1
2016,Shaquille,1
1995,Sharon,2
1999,Sharon,1
1998,Shawn,1
2017,Shawn,5
1989,Sheena,2
1962,Sheila,13
1985,Sheila,15
2019,Shelia,1
1984,Shelly,1
1993,Shelly,1
2005,Shelly,1
1994,Sherry,1
2005,Sheryl,1
1968,Shirley,1
2008,Simon,1
1967,Solomon,1
2003,Sonia,1
2016,Sonny,1
2015,Sophia Grace,1
1993,Stacey,1
2008,Stacey,5
2003,Stacy,16
2006,Stacy,3
1970,Stan,1
2014,Stan,1
2017,Stan,2
1996,Star,1
2005,Star,1
2010,Starr,1
2018,Stefan,1
2007,Stella,1
1992,Stephanie,1
1995,Stephanie,1
2016,Stephanie,4
2008,Stephen,5
1978,Steve,1
1988,Steve,2
2006,Steve,1
2007,Steve,1
2012,Steve,3
2017,Steve,5
1994,Steven,1
2001,Steven,8
2012,Steven,1
1975,Stevie,1
2002,Stevie,1
2005,Stevie,2
2012,Stewart,1
1979,Stormy,22
2018,Stormy,1
2008,Stuart,1
2016,Stuart,1
2017,Stuart,1
1966,Sue,2
1972,Sue,1
1973,Sue,2
1980,Sue,2
2000,Sue,1
1978,Sullivan,1
1967,Summer,1
1981,Summer,1
1983,Summer,1
1988,Summer,1
2013,Summer,1
2015,Summer,1
1966,Sunny,11
2017,Sunny,1
1971,Sunshine,2
1997,Sunshine,2
2004,Sunshine,4
2014,Sunshine,1
2005,Susan,1
1965,Susannah,11
1970,Susanne,1
1969,Susie,6
1974,Susie,1
1983,Susie,1
2018,Susie,1
1969,Suzanne,10
2010,Tabatha,1
2008,Tamara,1
1992,Tamika,1
2017,Tamika,1
1968,Tammi,1
2010,Tammy,1
2011,Tammy,2
2018,Tammy,1
1997,Tanisha,1
2001,Tasha,1
2014,Tasha,1
2013,Tatyana,1
1967,Taylor,1
1995,Taylor,1
2010,Taylor,1
2013,Taylor,1
2016,Taylor,1
2018,Taylor,3
1974,Ted,2
1988,Ted,1
2012,Ted,1
1991,Teddy,2
1994,Teddy,2
1997,Teddy,1
2000,Teddy,1
2001,Teddy,2
2003,Teddy,2
2008,Teddy,2
2009,Teddy,2
2013,Teddy,5
1999,Terrance,1
1977,Terry,1
2015,Terry,1
2017,Tessa,2
2017,Theodore,1
1992,Theresa,1
1995,Thomas,1
2010,Thomas,1
1961,Tierra,1
1996,Tiffany,1
2015,Tiffany,1
2016,Tiffany,5
1992,Tim,1
1995,Tim,3
2004,Tim,1
2006,Tim,6
2007,Tim,1
2009,Tim,1
1979,Timmy,1
1989,Timmy,1
2004,Timmy,1
1970,Timothy,1
1995,Tina,5
2005,Tina,1
2010,Tina,1
2018,Tina,3
1998,Tisha,1
1997,Toby,1
2002,Todd,1
1958,Tom,10
1973,Tom,9
1989,Tom,16
1995,Tom,1
1997,Tom,1
1998,Tom,1
2005,Tom,1
2006,Tom,1
2007,Tom,1
2014,Tom,2
2016,Tom,2
2017,Tom,4
2019,Tom,2
1962,Tommy,1
1979,Tommy,9
1982,Tommy,1
1987,Tommy,2
1994,Tommy,1
1997,Tommy,1
2002,Tommy,1
2004,Tommy,1
2007,Tommy,2
2010,Tommy,1
2014,Tommy,1
2017,Tommy,2
2018,Tommy,6
1996,Toni,1
2000,Toni,2
1992,Tonia,1
1978,Tony,4
1983,Tony,1
1988,Tony,1
1996,Tony,2
2008,Tony,1
2013,Tony,1
2015,Tony,2
2018,Tony,3
2001,Tonya,1
2018,Tory,1
1969,Tracy,7
2015,Tracy,1
2018,Tracy,1
2007,Travis,1
2015,Travis,1
2012,Trayvon,1
2005,Trey,1
2014,Trey,1
2017,Trey,1
1996,Trina,1
2000,Trina,1
2009,Trina,1
2013,Trinidad,1
2014,Trinidad,1
2018,Tristan,1
2014,Troy,1
2017,Troy,1
1985,Ty,1
2017,Ty,2
2007,Tyler,1
2003,Tyrese,1
1998,Tyrone,1
1992,Tyson,1
1999,Tyson,1
2017,Tyson,4
1976,Ulysses,1
2018,Valentine,1
1978,Valentino,1
2010,Valerie,17
1984,Van,1
2004,Van,1
2014,Van,1
2017,Van,2
1968,Vance,13
1986,Venus,10
1995,Venus,6
2002,Venus,1
2005,Venus,1
2008,Venus,1
2013,Venus,8
2003,Vera,1
1992,Vernon,1
1995,Vernon,1
1999,Veronica,1
2003,Vicki,1
2018,Vicky,1
1968,Victor,1
1975,Victor,1
1992,Victoria,2
1998,Victoria,1
2004,Victoria,2
2007,Victoria,1
2000,Vida,3
2016,Vince,1
2017,Vince,2
1989,Vincent,1
1996,Virgil,1
1958,Virginia,2
1964,Virginia,2
1973,Virginia,1
1978,Virginia,4
1992,Virginia,1
1995,Virginia,8
2002,Virginia,1
2010,Virginia,3
2012,Virginia,1
2013,Virginia,5
2018,Virginia,2
2001,Von,2
1979,Wade,1
2007,Wallace,1
2012,Wallace,1
2013,Wallace,1
1989,Walter,1
2016,Walter,3
2011,Ward,1
2016,Warren,1
2017,Warren,1
2011,Waylon,3
2013,Waylon,1
2019,Waylon,1
1999,Wayne,2
2004,Wayne,2
2007,Wayne,2
2012,Wayne,1
2013,Wayne,3
2015,Wayne,4
2018,Wayne,9
1972,Wendy,1
1986,Wendy,1
2011,Wendy,1
2016,Wendy,2
2017,Wendy,2
2003,Wesley,1
2011,Wesley,1
2019,Wesley,1
2012,Weston,1
2007,Whitney,1
2009,Whitney,2
2014,Whitney,1
1995,Will,1
2000,Will,2
2002,Will,1
2005,Will,8
2008,Will,1
2010,Will,1
2018,Will,4
1974,William,1
2012,William,1
2013,Williams,1
2018,Williams,1
1972,Willie,1
1974,Willie,2
1996,Willie,1
1997,Willie,1
2004,Willie,1
2005,Willie,2
2007,Willie,1
2010,Willie,1
2011,Willie,3
2018,Willie,2
2019,Willis,1
1967,Wilson,1
1968,Wilson,1
1970,Winston,1
1967,Winter,1
1968,Winter,1
1979,Winter,2
1983,Winter,1
1984,Winter,1
1992,Winter,1
2009,Winter,2
1972,Yvonne,2
1986,Yvonne,1
1997,Zachary,1
1978,Zion,6
2010,Zoe,1
1996,Aaliyah,1
1998,Aaliyah,2
2004,Aaliyah,1
2005,Aaliyah,3
2010,Aaliyah,1
2013,Aaliyah,1
2017,Aaron,2
2009,Abbey,1
1972,Abe,2
2008,Abigail,2
1962,Ace,1
2014,Ace,1
2016,Ace,2
2017,Ace,5
2019,Ace,2
1976,Adam,1
1989,Adam,1
1999,Adam,2
2008,Adam,1
2010,Adam,3
2012,Adam,2
2013,Adam,1
2013,Adele,1
2018,Adele,2
1964,Adeline,1
1996,Adina,1
2015,Adrien,1
1996,Adrienne,1
1990,Agatha,1
1990,Agnes,1
2013,Akeem,1
1967,Al,1
1974,Al,1
1979,Al,1
1984,Al,2
1987,Al,1
1990,Al,1
1993,Al,1
1996,Al,1
2006,Al,2
2017,Al,5
1993,Albert,1
2017,Albert,4
1964,Alberta,1
2010,Alejandro,20
1999,Alex,1
2010,Alexander,1
2014,Alexander,1
2017,Alexander,1
2018,Alexander,5
2018,Alexis,1
2004,Alexus,1
1975,Alfred,1
2016,Alfredo,1
1975,Ali,1
1998,Ali,2
2008,Ali,1
2009,Ali,1
2012,Ali,1
2014,Ali,2
1963,Alice,14
1980,Alice,1
2005,Alicia,1
2014,Alicia,1
2009,Allen,1
1971,Alvin,2
2007,Alyssa,12
2008,Amanda,1
2018,Amber,1
2012,Amber Rose,1
1959,America,7
1970,America,16
1972,America,7
1979,America,1
1980,America,3
1982,America,30
1984,America,1
1985,America,30
1991,America,1
2001,America,1
2004,America,4
2006,America,4
2007,America,5
2015,America,16
2017,America,14
1970,Amos,8
2003,Andre,2
2008,Andre,1
2009,Andre,1
2011,Andre,1
2012,Andre,1
2018,Andre,1
1998,Andrew,1
1969,Andy,10
2017,Andy,1
1972,Angel,1
1981,Angel,4
2010,Angel,4
1990,Angela,1
1999,Angela,1
2019,Angela,1
2010,Angelina,2
2016,Angelina,2
1978,Angeline,1
1996,Angeline,1
1963,Anita,4
2008,Anita,1
2017,Anita,1
1974,Ann,1
1992,Ann,1
1999,Ann,1
2014,Anna,1
1968,Annalee,2
1960,Anne,1
1966,Anne,1
2013,Anne,1
2019,Anne,1
1982,Annette,3
1995,Annette,1
1958,Annie,1
1969,Annie,2
1973,Annie,2
1976,Annie,2
1977,Annie,2
1987,Annie,1
2004,Annie,1
1959,Anthony,4
2017,Anthony,8
2018,Anthony,1
1961,Antone,6
1968,Antone,1
1996,Antone,2
2007,Antone,1
1996,Antonio,1
2005,Antonio,1
1997,Antwan,1
1958,April,1
1966,April,1
1969,April,7
1973,April,1
1976,April,1
1983,April,1
1992,April,1
1998,April,3
2015,April,2
2018,April,1
1974,Aretha,1
2010,Aretha,1
2018,Aretha,6
2014,Ari,1
2010,Aria,2
2018,Aria,1
2018,Ariana,2
1977,Ariel,6
1991,Ariel,1
2018,Ariel,1
2000,Armani,1
2002,Armani,1
1992,Arnold,1
2011,Arnold,1
1999,Arthur,1
2017,Arthur,1
2010,Artie,2
2015,Aryan,1
2003,Ashanti,1
2017,Ashanti,1
2018,Ashanti,1
2009,Ashley,1
2015,Ashley,1
2018,Ashley,1
1961,Asia,1
2008,Aspen,1
2012,Aspen,1
1982,Athena,4
2015,Aubrey,1
2018,Audrey,1
1962,August,2
1969,August,1
2007,August,1
2013,August,1
1968,Augusta,1
1982,Aurora,2
1976,Austin,3
1996,Austin,3
2002,Austin,1
2005,Austin,1
2010,Austin,1
2016,Austin,1
2017,Austin,1
2018,Austin,1
1999,Autumn,1
2014,Autumn,1
1984,Ava,1
2018,Avery,1
2004,Avis,1
1958,Baby,5
1960,Baby,19
1963,Baby,25
1964,Baby,72
1965,Baby,81
1966,Baby,42
1971,Baby,18
1973,Baby,27
1974,Baby,30
1975,Baby,37
1976,Baby,55
1980,Baby,40
1982,Baby,76
1983,Baby,59
1985,Baby,43
1987,Baby,58
1988,Baby,46
1992,Baby,75
1994,Baby,67
1995,Baby,71
1997,Baby,45
2001,Baby,128
2004,Baby,76
2006,Baby,145
2007,Baby,132
2009,Baby,132
2012,Baby,128
2014,Baby,235
2015,Baby,227
2016,Baby,149
2017,Baby,151
1983,Baby Jane,3
2003,Barbara,1
2001,Barney,1
1993,Barry,1
1994,Barry,1
2003,Barry,1
2018,Barry,3
1991,Bart,6
1968,Becky,3
1979,Becky,4
2004,Becky,1
2018,Becky,1
1958,Belinda,5
2017,Bella,1
1989,Ben,1
2011,Ben,1
2013,Ben,2
2016,Ben,3
2018,Ben,3
1996,Benjamin,1
2005,Benjamin,1
2017,Benjamin,1
1991,Bennett,1
1989,Benny,1
1968,Bentley,1
2004,Bentley,4
2005,Bentley,1
2006,Bentley,3
2007,Bentley,4
2014,Bentley,1
2016,Bentley,7
2017,Bentley,23
2019,Bentley,9
2018,Bernice,1
1989,Bernie,1
2002,Bernie,2
2018,Bernie,1
1996,Bert,1
1969,Bessie,4
1981,Bette,9
1990,Bette,1
1959,Betty,2
1962,Betty,5
1968,Betty,1
1977,Betty,13
1983,Betty,1
1992,Betty,1
2001,Betty,1
1966,Betty Sue,1
1984,Beverly,1
1997,Beverly,1
2005,Beverly,7
2010,Beverly,1
2013,Beverly,1
2016,Beverly,3
1959,Bill,5
1968,Bill,6
1969,Bill,11
1970,Bill,7
1974,Bill,12
1996,Bill,1
1999,Bill,1
2006,Bill,1
2009,Bill,1
2014,Bill,1
2015,Bill,2
2016,Bill,3
1974,Billie,2
2012,Billie,1
2013,Billie,1
1983,Billie Jean,12
2008,Billie Jean,4
1967,Billie Joe,7
1958,Billy,25
1960,Billy,6
1964,Billy,1
1966,Billy,2
1975,Billy,1
1981,Billy,3
1989,Billy,9
1991,Billy,1
1993,Billy,1
1996,Billy,1
1999,Billy,2
2002,Billy,3
2010,Billy,1
2011,Billy,1
2012,Billy,1
2018,Billy,4
1993,Billy Bob,4
2008,Billy Don,1
2013,Billy Jean,4
1959,Billy Joe,4
1961,Billy Joe,1
1973,Billy Ray,1
1984,Blue Jean,12
1994,Bo,1
1997,Bo,1
2003,Bo,6
2011,Bo,1
1962,Bob,1
1982,Bob,1
1993,Bob,1
1998,Bob,2
2006,Bob,1
2009,Bob,1
2015,Bob,1
2017,Bob,1
2005,Bobbi Jo,1
1982,Bobbie Sue,5
1964,Bobby,3
1970,Bobby,1
1975,Bobby,1
1984,Bobby,2
1986,Bobby,2
1990,Bobby,1
1995,Bobby,1
2000,Bobby,1
2001,Bobby,2
2003,Bobby,1
2006,Bobby,3
2008,Bobby,1
2010,Bobby,1
2011,Bobby,2
2016,Bobby,1
2017,Bobby,6
2018,Bobby,19
2019,Bobby,7
2007,Bobby Jo,1
2012,Bobby Ray,2
2002,Bonita,1
1968,Bonnie,6
2002,Bonnie,5
2005,Bonnie,1
2014,Bonnie,1
1960,Boston,1
1962,Boston,1
1966,Boston,3
1993,Boston,1
2005,Boston,1
2017,Boston,3
1995,Brad,1
2008,Brad,1
2009,Brad,1
2010,Brad,2
2012,Brad,2
2013,Brad,2
1989,Brady,1
2011,Brady,1
2017,Brady,1
2007,Brandi,1
1969,Brandy,1
1972,Brandy,6
1998,Brandy,2
2017,Brandy,1
2000,Braxton,1
1974,Brenda Lee,2
2010,Brett,1
1997,Brian,9
2000,Brian,1
2007,Bridget,1
1993,Bridgette,1
2000,Britney,2
2002,Britney,1
2003,Britney,5
2005,Britney,1
2008,Britney,1
2015,Britney,1
1979,Britt,1
1980,Britt,1
2011,Brittany,1
2018,Brittany,2
2008,Brittney,1
2017,Brock,1
2011,Brooke,1
1977,Brooklyn,1
1983,Brooklyn,1
1992,Brooklyn,1
1995,Brooklyn,3
1997,Brooklyn,3
1998,Brooklyn,3
2000,Brooklyn,4
2003,Brooklyn,2
2008,Brooklyn,2
2009,Brooklyn,4
2012,Brooklyn,1
2018,Brooklyn,3
1984,Bruce,19
1995,Bruce,1
2004,Bruce,3
2006,Bruce,1
2017,Bruce,2
2010,Bruno,1
2011,Bruno,2
2018,Bruno,1
2009,Bryan,1
1994,Buck,3
2005,Buck,2
2012,Buck,1
1980,Bud,1
2007,Bud,1
2008,Bud,4
2014,Bud,7
2015,Bud,3
1960,Buddy,2
1963,Buddy,2
1978,Buddy,1
1989,Buddy,1
1993,Buddy,14
2005,Buddy,2
2015,Buford,1
1991,Cali,1
1993,Cali,1
1996,Cali,2
2001,Cali,1
2004,Cali,2
2006,Cali,3
2007,Cali,6
2009,Cali,4
2014,Cali,4
2015,Cali,3
2016,Cali,4
2017,Cali,5
1996,Calvin,1
2007,Calvin,1
2000,Cameron,1
1961,Candy,1
2010,Carl,2
2000,Carlene,7
2009,Carlo,1
2013,Carlo,1
2018,Carlo,1
2000,Carlos,1
2016,Carmelo,1
1968,Carmen,2
1969,Carmen,2
1977,Carmen,1
1958,Carol,4
1959,Carol,1
1991,Carol,2
1959,Carolina,1
1960,Carolina,1
1966,Carolina,1
1967,Carolina,1
1993,Carolina,25
1998,Carolina,1
2004,Carolina,4
2007,Carolina,4
2011,Carolina,1
2017,Carolina,1
2018,Carolina,2
2019,Carolina,1
1969,Caroline,5
2003,Caroline,1
2009,Caroline,2
2013,Caroline,1
1987,Carrie,4
1979,Carter,1
2007,Carter,2
2018,Carter,6
1973,Casey,1
1996,Cash,1
2016,Cash,1
2017,Cash,1
2010,Cassandra,1
2003,Cassidy,2
2015,Cassidy,1
2018,Catherine,1
1960,Cathy,5
2016,Cedric,1
1971,Celia,2
2018,Celia,1
2006,Celine,1
2016,Celine,1
2018,Celine,1
2019,Celine,1
2017,Chance,1
2012,Chandler,1
1996,Chanel,1
2008,Chanel,1
2012,Chanel,1
2014,Chanel,3
2015,Chanel,2
2017,Channing,1
1993,Charlene,8
2008,Charlene,1
1976,Charles,6
1989,Charles,1
2011,Charles,1
2018,Charles,3
1973,Charley,1
1959,Charlie,12
1961,Charlie,1
1983,Charlie,1
1987,Charlie,1
1993,Charlie,1
1998,Charlie,1
2000,Charlie,9
2006,Charlie,1
2007,Charlie,1
2009,Charlie,4
1961,Charlotte,1
1964,Charlotte,1
1983,Charlotte,6
2017,Chase,1
2000,Chauncey,1
1973,Chelsea,1
2001,Cherie,1
1966,Cherry,8
1969,Cherry,13
1992,Cheryl,1
1968,Chester,2
2007,Chester,1
2015,Cheyenne,9
2000,Chloe,1
1986,Chris,1
1996,Chris,1
2000,Chris,1
2002,Chris,3
2005,Chris,3
2008,Chris,1
2010,Chris,2
2011,Chris,1
2018,Chris,14
1995,Christian,1
2007,Christian,2
2009,Christian,2
2015,Christian,1
2017,Christian,12
2002,Christina,2
2010,Christina,1
1977,Christine,20
2011,Christopher,1
2012,Christopher,1
2013,Christopher,1
1988,Chuck,2
2001,Chuck,1
2009,Chuck,1
2019,Chuck,2
2005,Ciara,5
2006,Ciara,1
2010,Ciara,4
1968,Cindy,1
1973,Cindy,5
1999,Cindy,1
1972,Clair,10
1995,Claire,2
1973,Clarence,8
1998,Clark,1
2006,Clark,1
1973,Claude,1
2002,Claudette,1
2011,Clay,1
1971,Clayton,9
2019,Cletus,3
1959,Cleveland,1
1961,Cleveland,1
1995,Cleveland,5
2000,Cleveland,1
2007,Cleveland,1
2012,Cleveland,1
2013,Cleveland,1
2016,Clifford,1
1962,Clifton,6
2004,Clint,1
1982,Clinton,1
1962,Clyde,7
1967,Clyde,1
1968,Clyde,7
2005,Clyde,1
2014,Clyde,1
2017,Clyde,1
2017,Cody,1
2018,Cody,6
2010,Cole,9
2011,Cole,6
2012,Cole,1
2015,Cole,2
2018,Cole,2
1979,Colin,1
2018,Colin,1
2010,Colleen,1
1965,Columbus,1
1978,Columbus,1
1961,Connie,1
2015,Cooper,1
2017,Corbin,2
2015,Corey,1
2017,Corey,1
1993,Corinne,1
1998,Craig,1
2016,Craig,1
1996,Cristal,1
1997,Cristal,1
2000,Cristal,1
2001,Cristal,1
2006,Cristal,1
2014,Cristal,2
1963,Cruz,1
1979,Crystal,1
1991,Crystal,1
2010,Curtis,1
2018,Curtis,2
2019,Curtis,1
1975,Daisy,1
1991,Daisy,1
2002,Daisy,1
2005,Daisy,1
2018,Daisy,1
2019,Daisy,1
1991,Daisy Dee,1
1992,Dakota,1
1998,Dakota,1
2006,Dakota,1
2013,Dakota,3
2013,Dale,1
1961,Dallas,1
1971,Dallas,1
1974,Dallas,1
1998,Dallas,1
2007,Dallas,1
2010,Dallas,2
2011,Dallas,1
2014,Dallas,2
2017,Dallas,4
2017,Damien,1
1975,Damon,1
2013,Damon,1
1973,Dan,1
1978,Dan,1
2012,Dan,1
1960,Dana,1
2013,Dana,1
2002,Dani,3
2017,Danica,1
2017,Daniel,3
1959,Danny,7
1961,Danny,3
1967,Danny,5
1997,Danny,1
2006,Danny,4
2008,Danny,1
2012,Danny,1
2018,Dante,1
2004,Darren,1
1992,Darryl,1
1964,Dave,1
1992,Dave,1
1999,Dave,1
2002,Dave,1
2005,Dave,2
2018,Dave,2
1964,David,1
1978,David,1
1998,David,1
2003,David,2
2008,David,1
2009,David,1
2010,David,2
2013,David,2
2018,David,4
2015,Davis,1
1972,Dawn,3
1987,Dawn,1
2017,Dawn,1
2019,Dawn,6
2018,Dayton,1
1962,Dean,6
1979,Dean,1
2007,Dean,1
2009,Debbie,1
2014,Debbie,1
1959,Dee,1
2018,Dee,3
1958,Delilah,1
1978,Delilah,1
1987,Delilah,1
1990,Delilah,1
1996,Demi,1
2017,Demi,1
1994,Dennis,1
2015,Dennis,1
1975,Denver,1
1999,Denver,1
2000,Denver,1
1994,Denzel,1
2017,Denzel,1
2016,Derrick,1
2017,Derrick,1
2000,Destiny,5
2016,Destiny,3
2008,Devon,5
2018,Dexter,3
2015,Diamond,12
1963,Diana,5
1988,Diana,20
2012,Diana,1
2013,Diana,12
2015,Diana,2
1996,Diane,1
2000,Diane,1
2004,Diane,1
2018,Diane,5
1979,Dick,1
1999,Dick,2
1974,Diego,1
1995,Diego,1
2002,Diego,4
1993,Dino,1
2006,Dion,1
1996,Dionne,1
1961,Dixie,1
1971,Dixie,8
1972,Dixie,3
1979,Dixie,1
1993,Dixie,1
2005,Dixie,1
2013,Dixie,10
2015,Dixie,3
2018,Dixie,2
2009,Dolly,1
1964,Don,2
1988,Don,2
1993,Don,1
1995,Don,1
1998,Don,1
2000,Don,2
2001,Don,6
2003,Don,9
2006,Don,1
2008,Don,1
2012,Don,2
2015,Don,2
2011,Donald,3
2017,Donald,5
1958,Donna,7
2010,Donnie,1
2011,Donnie,1
2016,Donnie,1
2018,Donnie,1
2002,Donny,1
2005,Dora,1
1973,Doris,1
1984,Doris,1
1989,Doris,1
1997,Doug,1
2017,Doug,1
2009,Drake,2
2014,Drake,2
2015,Drake,3
2016,Drake,3
2017,Drake,5
2007,Drew,4
1992,Duke,1
2004,Duke,1
2018,Duke,1
1990,Dwayne,2
1987,Dylan,2
2006,Dylan,1
1985,Earl,1
1997,Earl,1
2000,Earl,13
2008,Earl,2
2018,Earl,2
1960,Easter,1
2014,Easter,1
1997,Ed,1
2010,Ed,1
2011,Ed,1
2018,Ed,2
2016,Edd,1
1962,Eddie,1
1994,Eddie,1
1999,Eddie,3
2011,Eddie,1
2016,Eddie,1
2017,Eddie,1
2015,Eddy,1
1972,Eden,1
2000,Eden,1
2014,Eden,1
2018,Edgar,1
2010,Edison,1
1979,Edith,1
2011,Edward,1
1968,Eleanor,2
1969,Eli,22
2015,Eli,1
1993,Elijah,1
2018,Ella,16
2019,Ella,1
2013,Elle,1
2013,Ellen,1
2018,Ellen,1
2018,Elliot,1
1967,Eloise,1
2010,Elroy,1
2014,Elsa,2
1974,Elton,1
1991,Elton,2
2010,Elton,1
2018,Elton,1
1975,Elvis,1
1978,Elvis,1
1986,Elvis,1
1989,Elvis,2
1992,Elvis,1
1994,Elvis,2
2002,Elvis,3
2003,Elvis,1
2005,Elvis,1
2008,Elvis,1
2015,Elvis,1
2016,Elvis,1
2017,Elvis,1
2018,Emerald,1
2018,Emilio,1
1987,Emily,4
2014,Emily,1
1975,Emma,5
2016,Emmitt,1
2010,Enrique,2
2011,Enrique,2
2018,Enrique,1
2007,Enzo,1
2014,Enzo,1
1963,Eric,1
2005,Eric,1
2012,Eric,1
2019,Eric,2
1992,Erica,1
2006,Erica,2
1993,Erick,4
1995,Erika,1
1996,Ernestine,1
2010,Essence,1
1983,Ethel,1
1986,Eva,1
1998,Eva,1
1982,Eve,1
1999,Eve,2
2004,Eve,1
2007,Eve,1
2010,Eve,2
2011,Eve,2
1996,Ezekiel,1
1969,Fanny,10
2018,Felicia,1
1976,Fernando,18
2010,Fernando,6
2006,Fiona,3
1969,Flora,1
1973,Floyd,2
2001,Floyd,1
2013,Floyd,1
1965,Ford,5
1976,Ford,1
1987,Ford,3
1988,Ford,1
2002,Ford,2
2005,Ford,2
2012,Ford,1
2014,Ford,2
2017,Ford,1
2017,Forrest,2
2003,Foster,1
1999,Francis,1
1968,Francisco,2
1974,Francisco,2
1976,Francisco,1
1982,Francisco,1
1984,Francisco,1
2011,Francisco,8
1985,Frank,2
1997,Frank,2
1999,Frank,1
2000,Frank,1
2001,Frank,1
2006,Frank,1
2012,Frank,1
1985,Frankie,22
2000,Frankie,4
2008,Frankie,2
2014,Franklin,1
1969,Fred,2
1970,Fred,1
1973,Fred,7
1975,Fred,3
1990,Fred,1
1993,Fred,1
2000,Fred,1
2003,Fred,1
2018,Fred,1
1968,Freddie,2
1973,Freddie,1
1981,Freddie,1
2011,Freddie,2
1972,Freddy,1
2014,Freddy,2
2017,Freddy,7
1996,Freeman,1
2007,Gabrielle,1
1992,Gail,1
2017,Garfield,1
1975,Gary,1
1977,Gary,1
1983,Gary,3
1996,Gary,1
2013,Gary,1
1970,Gene,1
1973,Geneva,1
1986,Geneva,1
1963,George,1
1969,George,3
1977,George,5
1988,George,1
1994,George,1
2009,George,1
2012,George,2
2013,George,2
2014,George,2
2015,George,1
1960,Georgia,7
1968,Georgia,3
1971,Georgia,1
1973,Georgia,30
1979,Georgia,2
1990,Georgia,15
1993,Georgia,1
1995,Georgia,5
1998,Georgia,1
2004,Georgia,5
2005,Georgia,7
2007,Georgia,1
2010,Georgia,10
2011,Georgia,4
2016,Georgia,1
2019,Georgia,6
1977,Georgie,10
2016,Gerald,1
2018,Gerald,1
1990,Germaine,1
1970,Gerry,1
1979,Gertrude,1
2011,Gianni,1
2015,Gilbert,2
1962,Gina,11
1986,Gina,2
1987,Gina,2
2007,Gina,1
2017,Gina,1
2011,Ginger,1
2002,Ginny,1
1999,Gino,1
1981,Giuseppe,1
2014,Giuseppe,1
2016,Giuseppe,1
2017,Giuseppe,3
2003,Gladys,1
2008,Gladys,1
2011,Glenn,1
2016,Glenn,1
2004,Goldie,4
2019,Goldie,1
2009,Grace,2
2012,Grace,1
2015,Grace,1
1978,Greg,1
2015,Greg,1
1982,Greta,3
1990,Greta,1
2017,Greta,1
2018,Gunner,1
2017,Gus,1
2017,Gustavo,1
1996,Guy,1
2008,Gwen,1
2018,Gwen,1
2000,Hailie,1
2002,Hailie,3
2005,Hailie,6
2010,Hailie,1
2018,Hailie,2
2008,Haley,2
2011,Haley,1
2007,Halle,1
2011,Halle,1
1966,Hank,2
1975,Hank,6
2002,Hank,1
2005,Hank,1
2008,Hank,2
2011,Hank,4
2013,Hank,2
2016,Hank,3
2012,Hannah,1
2018,Hannah,1
2017,Hannah Lee,1
2016,Hans,1
1993,Harley,1
2017,Harley,3
2018,Harley,3
1968,Harper,7
2018,Harriet,1
1998,Harrison,1
1999,Harrison,1
1975,Harry,6
1989,Harry,2
1999,Harry,1
2017,Harry,1
1966,Hazel,10
2004,Hazel,1
2000,Heather,1
2013,Heather,1
1958,Heaven,9
1960,Heaven,3
1963,Heaven,1
1965,Heaven,1
1971,Heaven,1
1973,Heaven,8
1975,Heaven,8
1976,Heaven,19
1978,Heaven,4
1980,Heaven,1
1982,Heaven,5
1984,Heaven,14
1985,Heaven,6
1987,Heaven,4
1992,Heaven,3
1994,Heaven,3
1995,Heaven,4
1997,Heaven,44
2001,Heaven,5
2004,Heaven,2
2006,Heaven,3
2007,Heaven,2
2009,Heaven,7
2014,Heaven,3
2015,Heaven,7
2016,Heaven,8
2017,Heaven,6
1999,Heidi,1
2017,Heidi,1
1985,Helen,1
2008,Helen,3
2009,Helen,3
1965,Henry,1
2010,Henry Lee,1
2008,Hilary,1
2009,Hilary,1
2017,Hillary,1
1969,Hilton,1
2006,Hilton,1
1969,Holland,1
2012,Holland,1
2014,Holland,1
2015,Holland,1
1973,Holly,1
1978,Holly,1
1971,Homer,1
1960,Houston,2
1964,Houston,1
1976,Houston,1
1993,Houston,1
1996,Houston,2
1998,Houston,2
2003,Houston,1
2009,Houston,3
2010,Houston,1
2011,Houston,3
2012,Houston,1
2013,Houston,2
2018,Houston,4
1974,Howard,1
2011,Howard,1
2005,Huey,1
2010,Hugh,1
2017,Ian,1
2008,Ida,1
1991,Iesha,5
1970,Ike,2
1975,Ike,1
2000,Ike,1
2003,Ike,1
2015,Ike,1
2013,Ima,2
1989,India,1
1998,India,3
2006,India,1
2010,India,1
1969,Ira Lee,4
2003,Iris,1
2003,Isaac,1
1966,Isabella,1
1973,Israel,1
1996,Ivana,1
2011,Ivana,1
2005,Ivy,1
1959,Jack,1
1960,Jack,1
1962,Jack,10
1967,Jack,9
1968,Jack,23
1970,Jack,1
1971,Jack,3
1972,Jack,7
1977,Jack,1
1979,Jack,1
1980,Jack,1
1984,Jack,3
1991,Jack,2
1993,Jack,3
1998,Jack,4
1999,Jack,1
2004,Jack,1
2006,Jack,1
2014,Jack,11
2017,Jack,1
1973,Jackie,1
1975,Jackie,14
1985,Jackie,2
1986,Jackie,1
1988,Jackie,2
1996,Jackie,1
2012,Jackie,1
2013,Jackie,1
2015,Jackie,1
1973,Jackson,2
1993,Jackson,1
1998,Jackson,2
2003,Jackson,1
2014,Jackson,1
2015,Jackson,1
1994,Jacob,1
1996,Jacob,1
1999,Jacob,1
2000,Jacob,1
2001,Jacob,1
2003,Jacob,1
2006,Jacob,2
2008,Jacob,1
2001,Jada,1
2006,Jada,1
2007,Jada,1
2014,Jada,2
1965,Jake,1
1972,Jake,3
1991,Jake,1
1996,Jake,1
2004,Jake,1
2010,Jake,2
2017,Jake,3
1994,Jamar,1
1967,James,1
1969,James,1
1975,James,1
1991,James,1
1996,James,1
1999,James,2
2006,James,3
2008,James,1
2009,James,1
2012,James,2
2013,James,2
2014,James,4
2015,James,3
2011,Jameson,4
2007,Jamie,1
2010,Jamie,1
2017,Jamie,1
2018,Jamie,1
1966,Jane,4
1971,Jane,4
1973,Jane,12
1979,Jane,29
1989,Jane,1
1991,Jane,1
1999,Jane,1
2016,Jane,1
2018,Jane,16
2019,Jane,2
1986,Janet,1
1995,Janet,1
2003,Janet,1
2005,Janet,2
2013,Janet,1
1961,Janie,1
1979,Janie,5
1982,Janis,2
2011,Janis,1
2002,Jarvis,1
2010,Jasmine,1
1994,Jason,1
2002,Jason,1
2009,Jason,1
2010,Jason,2
2015,Jason,1
2018,Jason,2
1995,Javier,2
1991,Jay,4
1993,Jay,2
1996,Jay,2
1999,Jay,19
2000,Jay,4
2003,Jay,6
2005,Jay,6
2008,Jay,2
2010,Jay,2
2012,Jay,2
2013,Jay,2
2018,Jay,8
2017,Jazmine,1
1967,Jean,6
1972,Jean,13
1979,Jean,2
1987,Jean,3
1989,Jean,1
1990,Jean,1
1959,Jeanie,1
1979,Jeanie,1
1995,Jed,2
1998,Jed,1
1993,Jeff,1
2000,Jeff,2
2005,Jeff,1
2016,Jeff,2
2017,Jeffery,3
2003,Jeffrey,1
1988,Jennifer,2
1993,Jennifer,1
2000,Jennifer,2
2009,Jennifer,1
2012,Jennifer,1
2013,Jennifer,1
2018,Jennifer,1
1968,Jenny,1
1979,Jenny,2
1984,Jenny,1
1987,Jenny,2
1995,Jenny,1
2004,Jenny,1
2015,Jenny,1
2016,Jenny,5
2017,Jenny,1
1964,Jeremiah,1
2009,Jeremy,1
1989,Jermaine,1
1993,Jermaine,1
2005,Jermaine,1
1985,Jerome,2
1993,Jerome,1
2006,Jerome,2
2018,Jerome,1
1971,Jerry,1
1993,Jerry,1
1998,Jerry,1
1999,Jerry,1
2000,Jerry,1
2002,Jerry,1
2010,Jerry,1
2013,Jerry,1
2018,Jerry,1
2019,Jerry,1
2018,Jess,1
1984,Jesse,1
1989,Jesse,6
1990,Jesse,1
2010,Jesse,2
2013,Jesse,1
1999,Jessica,3
2004,Jessica,1
2005,Jessica,1
2010,Jessica,1
2016,Jessica,1
2018,Jessica,1
1973,Jessie,1
1981,Jessie,14
2002,Jessie,1
2005,Jessie,1
2010,Jessie,14
1969,Jesus,1
1970,Jesus,26
1972,Jesus,22
1977,Jesus,2
1978,Jesus,1
1983,Jesus,5
1985,Jesus,1
1991,Jesus,1
1992,Jesus,7
1997,Jesus,2
1999,Jesus,1
2001,Jesus,3
2006,Jesus,5
2007,Jesus,4
2008,Jesus,7
2009,Jesus,7
2012,Jesus,2
2014,Jesus,8
2015,Jesus,1
2017,Jesus,28
1966,Jill,1
1969,Jill,13
1973,Jill,1
2008,Jill,2
2012,Jill,1
2018,Jill,2
1960,Jim,1
1966,Jim,3
1967,Jim,3
1972,Jim,7
1979,Jim,1
1996,Jim,1
1997,Jim,3
1999,Jim,3
2000,Jim,1
2014,Jim,4
2015,Jim,1
1960,Jimmy,1
1963,Jimmy,1
1964,Jimmy,2
1965,Jimmy,6
1973,Jimmy,5
1975,Jimmy,1
1986,Jimmy,20
1989,Jimmy,6
1994,Jimmy,1
2002,Jimmy,2
2005,Jimmy,2
2008,Jimmy,5
2012,Jimmy,2
2015,Jimmy,2
2017,Jimmy,5
2004,Jo,1
2017,Jo,1
1999,Joan,3
1992,Joann,1
2003,Jodi,2
1975,Jody,1
1986,Jody,6
2005,Jody,2
1958,Joe,1
1960,Joe,1
1963,Joe,15
1966,Joe,1
1969,Joe,9
1973,Joe,6
1975,Joe,1
1980,Joe,2
1985,Joe,1
1987,Joe,3
1992,Joe,1
1994,Joe,2
1995,Joe,25
2001,Joe,6
2004,Joe,2
2005,Joe,7
2015,Joe,2
2017,Joe,2
2012,Joel,1
1990,Joey,4
2005,Joey,2
2007,Joey,1
1964,John,1
1970,John,6
1973,John,2
1975,John,4
1985,John,1
1988,John,1
1991,John,2
1993,John,12
1996,John,2
1999,John,2
2000,John,1
2001,John,3
2003,John,4
2006,John,1
2008,John,2
2009,John,3
2012,John,4
2013,John,9
2015,John,1
2018,John,5
2009,Johnnie,1
1958,Johnny,7
1963,Johnny,10
1964,Johnny,3
1966,Johnny,2
1970,Johnny,19
1973,Johnny,1
1976,Johnny,2
1977,Johnny,1
1981,Johnny,1
1983,Johnny,17
1985,Johnny,5
1986,Johnny,1
1991,Johnny,2
1994,Johnny,5
1996,Johnny,1
2001,Johnny,1
2002,Johnny,1
2003,Johnny,2
2008,Johnny,1
2009,Johnny,1
2012,Johnny,1
2013,Johnny,3
2015,Johnny,2
2018,Johnny,1
2012,Johnny Lee,2
1985,Johnson,1
1999,Johnson,1
2002,Johnson,3
2013,Johnson,2
2001,Jon,1
2004,Jon,6
2006,Jon,1
1964,Jordan,1
1977,Jordan,1
1985,Jordan,1
1998,Jordan,1
2006,Jordan,2
2009,Jordan,4
2012,Jordan,1
2014,Jordan,2
2015,Jordan,3
2006,Jose,1
2014,Jose,1
2017,Jose,1
1980,Joseph,1
1987,Joseph,3
2010,Joseph,1
2017,Joseph,1
1986,Josie,1
1984,Juan,1
1989,Juan,1
1993,Juan,1
1996,Juan,1
2000,Juan,1
2011,Juan,2
2018,Juan,1
2011,Judah,2
2016,Judah,1
2003,Jude,1
1963,Judy,20
1967,Judy,4
1985,Judy,1
2012,Judy,1
1958,Julie,2
1964,Julie,6
2017,Julie,1
1958,Juliet,2
1960,Juliet,1
1976,Juliet,3
1987,Juliet,1
1999,Juliet,2
2014,Juliet,1
2013,Julio,1
2012,Julius,1
1959,June,1
1965,June,1
1966,June,1
1967,June,1
1973,June,3
1974,June,1
1982,June,1
1984,June,1
1986,June,2
1987,June,2
1992,June,2
2010,June,1
2011,June,3
2016,June,1
2017,June,2
2018,June,2
2019,June,1
1980,Junior,1
2008,Junior,1
2003,Justin,1
2006,Justin,1
2012,Justin,2
2014,Justin,1
1965,Justine,20
1995,Kane,1
2000,Kane,1
2003,Kane,1
2010,Kane,5
2017,Kane,1
2009,Kareem,1
1999,Karen,1
1970,Karin,1
1988,Karl,1
2000,Karl,1
2017,Karl,1
2011,Karma,1
2016,Karma,1
2017,Karma,1
1960,Kate,5
2003,Kate,1
2012,Kate,1
2015,Kate,1
1967,Katherine,1
1995,Kathy,1
2011,Katia,1
2006,Katie,1
2007,Katie,2
2017,Katie,1
2007,Katrina,1
2014,Katrina,1
2017,Katrina,1
1978,Katy,1
2014,Katy,2
2017,Katy,2
1987,Kay,1
2013,Kayleigh,1
2003,Keisha,1
2007,Keisha,1
2012,Keisha,1
1995,Keith,1
1998,Keith,1
1968,Kelly,1
1976,Kelly,1
2001,Kelly,17
2003,Kelly,3
2006,Kelly,2
2011,Ken,1
2013,Ken,1
2016,Ken,3
2018,Ken,1
2018,Kendall,1
2012,Kendrick,3
2013,Kendrick,2
2018,Kendrick,3
2015,Kennedy,1
2016,Kennedy,1
1994,Kenny,1
2018,Kenny,2
1978,Kent,1
2009,Keri,7
2010,Keri,2
2018,Kerry,1
2004,Kevin,1
2011,Kevin,1
2013,Kevin,1
2016,Kevin,1
2018,Kevin,6
2015,Khalil,1
2014,Khloe,1
2017,Khloe,1
1988,Kim,1
1992,Kim,1
1994,Kim,1
1999,Kim,1
2000,Kim,3
2007,Kim,2
2009,Kim,1
2012,Kim,1
2014,Kim,1
2015,Kim,1
2017,Kim,1
2005,Kimora,1
2004,King,1
2017,King,1
1968,Kingston,1
2004,Kirby,1
1999,Kirk,2
2001,Kirk,1
2001,Kisha,1
2014,Kitty,43
2015,Kitty,1
2017,Kitty,1
2004,Kobe,4
2012,Kobe,2
2015,Kobe,1
2017,Kobe,4
2013,Kourtney,1
2014,Kourtney,1
1992,Kris,11
2011,Kris,1
2010,Kurt,2
2018,Kurt,1
1982,Kurtis,1
1998,Kurtis,1
2002,Kylie,1
2016,Kylie,3
2017,Kylie,1
2018,Kylie,1
2015,Lamar,1
2017,Lamar,1
1997,Lana,1
2013,Lance,1
2017,Lani,1
1961,Larry,2
1999,Larry,1
2003,Larry,1
2009,Larry,1
2015,Larry,1
2005,Laura,1
1992,Laurel,1
2018,Laurie,1
2017,Lauryn,1
1989,Lawrence,2
2005,Lawrence,1
2011,Lawrence,1
2019,Lawrence,1
2004,Lea,1
1967,Lee,7
1978,Lee,1
1993,Lee,1
1999,Lee,2
2004,Lee,1
2013,Lee,2
2008,Leif,1
1971,Lennon,1
2011,Lennon,1
2017,Lennon,1
2017,Lenny,1
1980,Leo,1
1997,Leo,1
2009,Leo,1
2017,Leo,1
2017,Leonardo,4
1978,Leone,1
1967,Leroy,2
1977,Leroy,1
2004,Leroy,3
2006,Leroy,1
1980,Leslie,1
1979,Levi,1
2017,Levi,1
1995,Lexus,1
2003,Lexus,1
2010,Lexus,1
2016,Lexus,3
2017,Lexus,5
2018,Lexus,1
2006,Liberty,1
1967,Lily,17
1979,Lily,1
2003,Lina,1
1969,Lincoln,2
1972,Lincoln,1
1979,Lincoln,1
1998,Lincoln,1
2011,Lincoln,1
1975,Linda,5
2009,Lindsay,1
1975,Lisa,4
1995,Lisa,3
2008,Lisa,5
2013,Lisa,1
1979,Liz,1
2010,Lois,1
2011,Lois,2
2013,Lois,1
2017,Lola,1
1966,London,1
1968,London,3
1978,London,7
1981,London,2
1989,London,4
1990,London,1
2004,London,1
2005,London,1
2010,London,8
2011,London,7
2016,London,1
2017,London,4
2018,London,8
2019,London,3
1976,Lorelei,10
2014,Lorenzo,1
2011,Loretta,2
1995,Lorraine,1
1959,Lou,1
1961,Lou,1
1967,Lou,1
1993,Lou,1
1995,Lou,2
2004,Lou,1
1963,Louie,16
1966,Louie,4
1997,Louie,4
2002,Louie,1
2003,Louie,1
2009,Louie,2
2010,Louie,3
2012,Louie,4
2015,Louie,1
2018,Louie,1
1962,Louis,3
1965,Louis,2
1966,Louis,1
1972,Louis,1
1982,Louis,2
1996,Louis,1
2002,Louis,1
2004,Louis,1
2005,Louis,4
2007,Louis,4
2010,Louis,6
2011,Louis,22
2016,Louis,8
2017,Louis,6
2018,Louis,21
2019,Louis,8
1976,Louise,1
1992,Louise,1
1959,Lourdes,2
2017,Lucian,2
1960,Lucille,6
1969,Lucille,1
1973,Lucille,4
1964,Lucinda,2
2006,Lucinda,1
1959,Lucy,1
1960,Lucy,1
1967,Lucy,1
1970,Lucy,1
1974,Lucy,24
2012,Luis,1
1959,Luke,1
1969,Luke,2
1993,Luke,1
1995,Luke,1
1998,Luke,2
2012,Luke,1
1963,Lupe,3
1995,Lupe,2
1987,Luther,1
1995,Luther,1
1992,Mac,21
1995,Mac,1
1997,Mac,1
1998,Mac,1
2006,Mac,2
2007,Mac,4
2011,Mac,2
2014,Mac,1
2016,Mac,1
2017,Mac,3
1995,Mack,3
1997,Mack,2
2002,Mack,3
2003,Mack,1
2008,Mack,1
2009,Mack,4
2012,Mack,1
1969,Mackenzie,1
2001,Macy,1
2009,Macy,1
2018,Madison,4
1968,Madonna,1
2015,Madonna,1
2008,Mae-Mae,1
1965,Maggie,2
2004,Magnolia,1
2017,Magnolia,1
2017,Malaysia,1
1986,Malcolm,1
1989,Malcolm,1
2002,Malcolm,1
2012,Malcolm,1
2016,Malcom,1
1997,Malik,1
1978,Mandy,1
1988,Mandy,1
1998,Manuel,1
2007,Marc,1
2011,Marc,3
1992,Marcia,1
2015,Marcia,1
2008,Marco,49
1995,Marcus,1
2017,Marcus,2
2000,Marcy,1
1967,Margaret,1
2011,Margarita,1
2015,Mari,1
2017,Mari,1
1959,Maria,8
1960,Maria,13
1996,Maria,15
1999,Maria,5
2011,Maria,1
1986,Maria Marilyn,1
1997,Mariah,4
2008,Mariah,1
2009,Mariah,1
2014,Mariah,2
1971,Marianne,11
2005,Marianne,1
1964,Marie,6
1970,Marie,7
1975,Marie,1
1995,Marie,1
1989,Marilyn,1
1996,Marilyn,1
1998,Marilyn,1
1999,Marilyn,2
2000,Marilyn,1
2002,Marilyn,2
2005,Marilyn,1
2011,Marilyn,1
2018,Marilyn,3
1973,Mario,1
1992,Mario,1
1998,Mario,1
2002,Mario,2
2009,Mario,1
2018,Mario,3
1994,Mark,1
1995,Mark,3
2000,Mark,1
2010,Mark,1
2018,Mark,1
1969,Marlene,1
1980,Marley,1
1990,Marlon,1
2002,Marshall,1
2003,Marshall,2
2009,Marshall,2
2010,Marshall,3
2011,Marshall,1
2013,Marshall,3
2018,Marshall,5
1996,Marta,1
2016,Marta,1
1986,Martha,1
1993,Martin,3
2001,Martin,1
2006,Martin,1
2009,Martin,2
2012,Martin,1
2013,Martin,3
2018,Martin,3
2009,Martin Luther,2
2014,Martin Luther,6
1971,Marty,1
2017,Marty,2
2011,Marvel,1
1968,Marvin,1
1974,Marvin,1
1990,Marvin,1
1993,Marvin,2
2002,Marvin,1
2003,Marvin,6
2004,Marvin,2
2005,Marvin,3
2016,Marvin,1
2018,Marvin,2
1959,Mary,6
1960,Mary,14
1962,Mary,23
1965,Mary,7
1966,Mary,11
1967,Mary,5
1968,Mary,7
1971,Mary,2
1972,Mary,4
1979,Mary,4
1996,Mary,2
1999,Mary,35
2002,Mary,5
2005,Mary,5
2010,Mary,5
2011,Mary,1
2014,Mary,2
2016,Mary,8
2017,Mary,4
2018,Mary,3
2019,Mary,1
2007,Mary Anne,1
1971,Mary Jane,1
1978,Mary Jane,8
2000,Mary Jane,1
2003,Mary Jane,2
2011,Mary Jane,2
2012,Mary Jane,2
2018,Mary Jane,3
2008,Mary Jo,1
2012,Mary Kay,3
2005,Mary-Kate,2
2006,Mary-Kate,1
2011,Mason,1
1985,Matt,1
1959,Matthew,1
1999,Matthew,1
2018,Maverick,1
2019,Maverick,1
2012,Max,1
2013,Max,1
2018,Max,3
1958,May,1
1963,May,1
1964,May,7
1965,May,2
1966,May,1
1973,May,1
1984,May,1
2006,May,2
2014,May,1
2015,May,2
2007,Meagan,1
2015,Meagan,2
2008,Megan,1
2009,Megan,1
2015,Megan,1
1966,Melinda,1
1975,Melissa,1
1976,Melvin,1
2002,Melvin,1
1981,Mercedes,1
1990,Mercedes,2
1996,Mercedes,1
1998,Mercedes,1
2004,Mercedes,1
2005,Mercedes,1
2010,Mercedes,2
2011,Mercedes,1
2013,Mercedes,1
2016,Mercedes,8
2018,Mercedes,9
2019,Mercedes,1
2011,Merry,1
2018,Merry,1
1992,Michael,1
1994,Michael,1
1999,Michael,1
2008,Michael,2
2009,Michael,3
2012,Michael,3
2014,Michael,5
2015,Michael,6
2017,Michael,13
2003,Micheal,2
1969,Michel,1
1984,Michelle,12
1996,Michelle,1
1963,Mickey,6
1966,Mickey,1
1983,Mickey,2
1996,Mickey,1
2001,Mickey,1
2002,Mickey,1
2015,Mickey,1
2018,Mickey,2
2012,Miguel,1
1984,Mike,1
1989,Mike,1
1991,Mike,1
1992,Mike,1
1999,Mike,1
2002,Mike,1
2004,Mike,2
2005,Mike,8
2010,Mike,1
2011,Mike,4
2016,Mike,2
2018,Mike,16
2019,Mike,2
2002,Milan,1
2003,Milan,1
2012,Milan,1
2002,Miles,1
2015,Miles,1
2014,Miley,2
1977,Miller,1
2005,Miller,2
2011,Miller,1
2018,Milo,3
2014,Mina,3
1962,Minnie,1
1969,Minnie,5
2017,Missy,1
1973,Misty,1
2014,Mitch,1
2013,Mitchell,1
2013,Mohammed,1
2012,Molly,1
2013,Molly,8
2014,Molly,1
2015,Molly,1
1962,Mona,1
2017,Mona,1
1978,Mona Lisa,1
2010,Mona Lisa,3
2011,Mona Lisa,2
2012,Mona Lisa,1
2018,Mona Lisa,13
2010,Monica,1
2013,Monica,1
2016,Monique,2
1972,Monroe,1
1988,Monroe,1
1974,Montana,1
2002,Montana,1
2013,Montana,3
2018,Montana,4
2019,Montana,1
1969,Monte,1
1977,Monte,1
1980,Monte,1
2001,Monte,1
2009,Monte,1
2013,Monte,1
2018,Monte,1
2015,Monty,2
1999,Morgan,1
1978,Moses,1
2005,Moses,2
1986,Muhammad,1
1993,Muhammad,5
2013,Muhammad,3
2018,Muhammad,1
2003,Muriel,1
2001,Murray,1
2017,Myrtle,1
1977,Nancy,2
2011,Nancy,1
2018,Nancy,2
1995,Naomi,1
1965,Napoleon,1
1974,Napoleon,3
2010,Napoleon,1
1971,Nathan,6
2002,Nathan,1
2005,Nathan,1
2014,Nathan,2
2003,Nathaniel,1
1974,Neil,2
2000,Nelly,1
2001,Nelly,5
2002,Nelly,4
2003,Nelly,2
1993,Newton,1
2012,Nia,1
2004,Nick,1
2006,Nick,1
2011,Nick,1
2018,Nick,4
2012,Nicki,8
2013,Nicki,3
2015,Nicki,2
2018,Nicki,25
2018,Nicky,3
2016,Nico,1
1995,Nicole,1
1998,Nicole,1
1981,Nikki,1
2015,Niko,1
2006,Nina,1
2012,Nina,2
2013,Nina,4
2018,Nina,3
1970,Noah,1
2001,Noah,1
2010,Noah,1
2013,Noel,1
1987,Norma,3
1962,Norman,1
1972,Nova,1
1994,Nova,1
2005,Nova,3
2011,Nova,1
2018,Nova,1
2007,Oakley,1
2018,Odell,1
2007,Oliver,1
2012,Oliver,1
2015,Oliver,1
2018,Ollie,1
2001,Omar,1
2017,Omar,1
2016,Ophelia,8
1996,Orlando,3
2018,Oscar,2
1969,Otis,2
1978,Otis,1
1990,Otis,1
1993,Owen,1
2006,Pablo,1
2013,Pablo,1
2014,Pablo,1
2005,Pam,1
2010,Pam,1
2016,Pam,1
2017,Pam,1
1990,Pamela,1
2010,Pamela,1
1958,Paris,1
1964,Paris,4
1965,Paris,1
1966,Paris,1
1975,Paris,1
1976,Paris,3
1978,Paris,1
1986,Paris,1
1995,Paris,2
2003,Paris,3
2005,Paris,2
2008,Paris,3
2010,Paris,8
2011,Paris,2
2012,Paris,7
2013,Paris,2
2018,Paris,3
2019,Paris,1
2011,Pat,1
2018,Pat,3
2012,Pat Ron,1
2013,Patricia,1
2018,Patrick,1
2009,Patsy,1
1981,Patti,2
1987,Patty,1
2017,Patty,1
1970,Paul,1
1971,Paul,1
1974,Paul,1
1998,Paul,1
1999,Paul,2
2007,Paul,3
2009,Paul,8
2010,Paul,2
2011,Paul,1
2012,Paul,1
2013,Paul,1
2018,Paul,5
2007,Paula,1
2017,Paula,1
1960,Pedro,1
1987,Pedro,3
2017,Pedro,1
1958,Peggy Sue,2
1984,Peggy Sue,1
2011,Peggy Sue,1
2019,Penelope,1
1967,Penny,6
1984,Penny,9
2011,Penny,1
2018,Penny,9
1959,Percy,1
2016,Percy,1
2017,Percy,1
2018,Perla,1
1996,Perry,1
2014,Perry,1
1963,Pete,5
1992,Pete,1
1995,Pete,2
2008,Pete,1
2010,Pete,2
1967,Peter,5
1969,Peter,1
1982,Peter,2
1989,Peter,1
1993,Peter,3
1995,Peter,1
1998,Peter,1
2006,Peter,2
2007,Peter,2
2008,Peter,2
2009,Peter,11
2011,Peter,3
2016,Peter,10
2018,Peter,3
2019,Peter,2
2016,Petey Pablo,1
1965,Peyton,5
1968,Peyton,1
2005,Peyton,1
1993,Phil,1
2018,Phil,5
1997,Phillip,1
1961,Phoenix,1
1967,Phoenix,1
1969,Phoenix,1
1996,Phoenix,3
2013,Phyllis,1
1964,Pierre,3
2017,Pierre,3
1962,Prince,1
1993,Prince,1
1996,Prince,1
2006,Prince,1
2007,Prince,3
2014,Prince,2
2017,Prince,2
2019,Prince,1
1992,Queen,1
2017,Queen,1
2018,Queen,1
1977,Quentin,1
2015,Quentin,1
2018,Quentin,1
1994,Quincy,1
2018,Quincy,1
2016,Quinten,1
1994,Rachel,8
2010,Rachel,1
1992,Rachelle,1
2008,Rae-Rae,1
1964,Raleigh,1
1974,Raleigh,1
2011,Raleigh,4
2013,Raleigh,2
1995,Ralph,1
2010,Ralph,1
2011,Ralph,2
2017,Randy,1
2011,Raven,1
1992,Ray,1
2007,Ray,1
2014,Ray,1
2016,Ray,5
2017,Ray,1
2019,Ray,3
2007,Reagan,1
1981,Rebecca,1
2003,Rebecca,2
2011,Rebecca,1
1988,Reggie,1
2009,Reggie,1
2012,Reggie,1
2014,Reggie,1
2015,Reggie,1
2017,Reggie,1
1999,Regina,4
2013,Regina,1
2003,Regis,1
1996,Remy,1
2003,Remy,1
2009,Remy,4
2015,Remy,5
1966,Renee,4
1968,Renee,4
2002,Renee,1
1980,Retha,1
2018,Rey,1
1965,Rhonda,51
1997,Rhonda,1
2002,Rhonda,1
1964,Richard,1
1975,Richard,1
1989,Richard,2
1999,Richard,1
2011,Richard,1
2012,Richard,2
2018,Richard,9
2019,Richard,5
1981,Rick,1
1984,Rick,1
1990,Rick,1
1993,Rick,1
2002,Rick,2
2003,Rick,1
2004,Rick,1
2010,Rick,1
2011,Rick,1
2018,Rick,9
1983,Ricky,14
1990,Ricky,1
2008,Ricky,1
2013,Ricky,2
2015,Ricky,1
2018,Ricky,5
1978,Rico,2
1994,Rico,1
1999,Rico,1
2012,Rico,1
2017,Rico,2
1991,Rita,2
1999,Rita,4
1990,Rob,1
1991,Rob,1
1998,Rob,1
2000,Rob,1
1982,Robbie,1
1991,Robbie Rob,1
2008,Robbin,1
1971,Robert,1
1975,Robert,1
2017,Robert,1
1974,Robin,1
2004,Robin,1
2007,Robin,2
2010,Robin,1
2016,Robin,7
2018,Robin,2
2018,Robyn,1
2013,Rocco,1
1973,Rocky,3
2018,Rocky,2
1961,Rod,1
2018,Rod,1
1979,Rodney,1
1983,Rodney,4
1997,Rodney,1
2008,Rodney,2
2013,Rodney,1
2000,Roger,1
2013,Roger,1
1978,Rogers,1
2008,Roman,3
2012,Roman,2
1959,Romeo,1
1962,Romeo,1
1970,Romeo,4
1977,Romeo,8
1979,Romeo,1
1984,Romeo,3
1987,Romeo,2
1990,Romeo,1
1993,Romeo,21
2001,Romeo,1
2006,Romeo,1
2017,Romeo,4
1976,Ron,1
2009,Ron,1
2017,Ron,1
1979,Rona,1
2005,Ronald,1
1974,Ronnie,5
1983,Ronnie,2
1988,Ronnie,1
2000,Ronnie,1
2002,Ronnie,1
2017,Ronnie,1
2002,Ronny,1
2018,Ronny,3
1969,Roosevelt,4
2007,Roosevelt,1
1959,Rosa,4
1989,Rosa,3
2006,Rosa,2
1982,Rosanna,5
2010,Rosanne,1
1998,Roscoe,1
2003,Roscoe,1
2010,Roscoe,6
1970,Rose,2
1986,Rose,4
2008,Rose,1
2009,Rose,2
2018,Roseanne,1
2013,Rosemary,3
1961,Rosie,1
1962,Rosie,1
1970,Rosie,5
1962,Rosita,2
1988,Ross,2
2006,Ross,2
2016,Ross,1
2017,Ross,1
2012,Roxanne,24
1963,Roy,2
1970,Roy,1
1975,Roy,2
1989,Roy,1
2016,Roy,1
1972,Royce,1
1998,Royce,1
2010,Royce,1
2012,Royce,1
2013,Royce,4
2018,Royce,11
2019,Royce,4
2010,Ruben,1
2018,Ruben,1
1975,Rubin,8
1960,Ruby,5
1982,Rudolph,3
2011,Rudolph,1
2017,Rudolph,1
2018,Rudolph,8
1975,Rudy,1
2013,Rudy,1
2017,Russ,2
2001,Russel,1
1984,Russell,1
1995,Russell,1
2004,Russell,1
2005,Russell,1
2006,Russell,1
2004,Rusty,1
1961,Ruth,1
1964,Ruth,1
1979,Ruth,1
2017,Ruth,1
1992,Sabrina,1
1998,Sade,1
2003,Sade,1
2005,Sade,1
2010,Sade,1
2013,Sade,3
1969,Sadie,1
1975,Sadie,12
1978,Sadie,1
2017,Sage,1
1962,Sally,1
1966,Sally,17
1972,Sally,1
1976,Sally,18
1989,Sally,1
1994,Sally,1
1996,Sally,4
2012,Sally,3
2014,Sally,1
2000,Salma,1
1960,Sam,6
1963,Sam,1
1965,Sam,5
1966,Sam,1
1973,Sam,4
1992,Sam,1
1994,Sam,1
2006,Sam,2
2015,Sam,1
2017,Sam,2
1988,Samantha,1
1993,Samantha,1
2008,Samantha,1
1960,Sammy,1
1968,Sammy,3
1973,Sammy,2
1974,Sammy,1
2003,Sammy,1
1958,Samson,1
1960,Samson,9
1978,Samson,1
2011,Samuel,1
1999,Sandra,4
2017,Sandra,1
1996,Sandy,1
2009,Santana,1
2017,Santana,1
1976,Sara,6
1985,Sara,17
2003,Sara,1
2005,Sara Beth,5
1961,Sarah,4
2009,Sarah,3
2001,Savannah,1
2002,Savannah,1
1983,Scarlet,5
2018,Scarlett,1
1988,Scott,1
2006,Scott,1
2008,Scott,1
2017,Scottie,1
1970,Scotty,4
1996,Scotty,3
2010,Scotty,2
2017,Scotty,2
1999,Sean,1
2003,Sean,1
2010,Sean,4
2011,Sean,2
2013,Sean,1
2018,Sean,3
2015,Sean Don,2
2011,Sean John,1
2004,Sean Paul,1
2006,Sean Paul,1
2009,Sean Paul,1
2016,Sean Paul,1
2016,Selena,3
2017,Selena,1
2018,Selena,1
2017,Selma,1
2008,Serena,1
2009,Serena,4
2013,Serena,3
2015,Serena,1
2013,Serenity,1
1973,Seth,1
2018,Seth,1
2009,Shakira,1
2016,Shakira,1
1987,Shanice,1
2008,Shaniqua,1
1976,Shannon,1
1994,Shaquille,1
2001,Shaquille,1
2018,Shaquille,1
1997,Shawn,1
2000,Shawn,1
2003,Shawn,1
2010,Shawn,1
2018,Shawn,1
1990,Shay,2
2010,Shay,2
2018,Shelby,2
1999,Shelly,2
1963,Sherman,1
2013,Sherman,1
1962,Sherry,13
1974,Shirley,1
1975,Shirley,1
2001,Shonda,1
1972,Sidney,1
1988,Sidney,1
2010,Sidney,1
1976,Simon,2
1999,Simon,3
2005,Simon,1
2015,Simon,1
2003,Sky,1
2018,Sky,2
1991,Solomon,3
2010,Sonia,1
1970,Sonny,3
1978,Sonny,1
1990,Sonny,4
1998,Sonny,1
2009,Sonny,1
1992,Stacy,1
2004,Stacy,1
2005,Stacy,2
2010,Stacy,1
2016,Stacy,1
2018,Stacy,1
1975,Stan,2
2000,Stan,5
2010,Stan,1
2013,Stan,1
2018,Stan,3
2011,Stanley,1
2016,Stanley,1
1977,Star,1
1986,Stella,2
2002,Stella,1
1996,Stephanie,1
2017,Stephen,1
1993,Steve,2
1995,Steve,2
1998,Steve,1
1999,Steve,1
2002,Steve,10
2004,Steve,1
2010,Steve,2
2011,Steve,2
2016,Steve,5
2018,Steve,2
1992,Steven,1
2018,Steven,1
1967,Stevie,2
2001,Stevie,1
2017,Stevie,3
1959,Sue,6
1961,Sue,6
1962,Sue,7
1963,Sue,9
1969,Sue,9
1977,Sue,3
2018,Sue,2
1973,Sugar Magnolia,1
1982,Summer,4
2006,Summer,1
2016,Summer,1
1964,Sunny,7
1997,Sunny,7
2013,Sunny,1
1961,Sunshine,1
1967,Susan,4
1969,Susan,2
1988,Susan,1
1994,Susan,1
1961,Susie,1
1962,Susie,2
1967,Susie,1
1968,Susie,17
1973,Susie,2
1978,Susie,1
1986,Suzanne,4
2018,Suzanne,2
2016,Sydney,1
1995,Tamara,1
1996,Tameka,1
1994,Tamika,1
1996,Tamika,1
1993,Tammy,1
1998,Tammy,2
2017,Tammy,1
2015,Tanisha,1
1996,Tanya,1
2004,Tanya,1
1994,Tasha,1
1998,Tatyana,2
2017,Taylor,2
1990,Ted,1
1988,Teddi Jo,1
1960,Teddy,4
1968,Teddy,1
1974,Teddy,1
1976,Teddy,7
2004,Teddy,1
2007,Teddy,1
2016,Teddy,1
1979,Terry,1
1992,Terry,1
2017,Theo,1
1995,Theodore,1
2011,Theresa,1
1977,Thomas,1
2006,Thomas,1
2013,Thomas,2
2014,Thomas,2
2012,Tia,1
1995,Tiffany,3
2011,Tiffany,1
2018,Tiffany,2
2019,Tiffany,1
1967,Tim,4
1998,Tim,1
2003,Tim,1
2005,Tim,2
2010,Tim,1
1961,Timmy,1
2001,Timmy,1
2018,Timmy,1
1999,Tina,3
2014,Tina,1
2003,Tina Marie,1
1960,Tom,3
1967,Tom,1
1980,Tom,1
1981,Tom,3
1983,Tom,5
1985,Tom,1
1991,Tom,12
1993,Tom,1
1999,Tom,1
2000,Tom,1
2003,Tom,1
2009,Tom,1
2010,Tom,6
2012,Tom,2
2013,Tom,4
2015,Tom,12
2018,Tom,4
1986,Tommy,2
1998,Tommy,2
2000,Tommy,4
1990,Toni,1
2011,Toni,1
1959,Tony,2
1961,Tony,5
1967,Tony,12
1974,Tony,1
1990,Tony,1
1997,Tony,2
2006,Tony,1
2007,Tony,1
2010,Tony,2
2011,Tony,1
2016,Tony,1
2017,Tony,4
2019,Tonya,1
2017,Tory,1
1999,Trace,1
2007,Tracy,1
1960,Travis,7
2016,Travis,2
2018,Travis,1
2010,Tre,1
2010,Trey,1
2013,Trey,1
2004,Trina,1
2005,Trina,1
2014,Trina,1
2017,Trina,1
2004,Trinity,1
2019,Troy,1
2010,Ty,2
2013,Ty,2
2011,Tyler,1
2013,Tyler,1
2018,Tyler,1
2000,Tyra,1
2011,Tyra,1
1969,Tyrone,1
2000,Tyrone,1
2015,Tyrone,1
1998,Tyson,1
2002,Tyson,1
2005,Tyson,1
2013,Tyson,1
2018,Tyson,6
2014,Valencia,1
1976,Valentine,1
2007,Valentine,1
1982,Valerie,6
2002,Van,1
2006,Vanessa,1
1959,Venus,10
1962,Venus,1
1969,Venus,8
1971,Venus,1
1987,Venus,2
2001,Venus,1
2015,Venus,1
2017,Venus,8
1970,Vernon,1
1989,Veronica,16
2003,Veronica,1
1995,Vicki,1
2018,Vickie,1
1970,Victoria,17
1997,Victoria,1
2000,Victoria,1
2014,Victoria,3
2007,Vida,1
1967,Vikki,1
2018,Vincent,1
1971,Virgil,2
2018,Virgil,1
1961,Virginia,1
1962,Virginia,1
1974,Virginia,3
1979,Virginia,1
1996,Virginia,2
1998,Virginia,1
1999,Virginia,4
2004,Virginia,1
2015,Virginia,1
2017,Virginia,3
2012,Vito,1
2017,Vivienne,1
2018,Waldo,1
2000,Walker,1
1970,Walter,1
2009,Walter,1
2000,Wanda,4
2011,Warner,1
1994,Warren,11
2015,Warren,1
1977,Waylon,2
1970,Wayne,1
2000,Wayne,1
2008,Wayne,12
2009,Wayne,6
2010,Wayne,11
2011,Wayne,4
2014,Wayne,1
2016,Wayne,3
2017,Wayne,2
1964,Wendy,10
1975,Wendy,3
2008,Wendy,2
2009,Wendy,4
2016,Weston,3
2018,Weston,1
1999,Whitney,2
2004,Whitney,1
2005,Whitney,2
2013,Whitney,1
2018,Whitney,1
1993,Will,1
1998,Will,4
1999,Will,5
2007,Will,1
2009,Will,2
2014,Will,1
2017,Will,3
1973,William,1
1994,William,1
2015,William,1
2017,William,1
1997,Williams,1
1969,Willie,2
1977,Willie,2
1985,Willie,1
1992,Willie,1
1995,Willie,1
2003,Willie,2
1969,Wilson,1
1986,Wilson,1
1992,Wilson,1
2015,Winnie,1
2017,Winnie,1
1982,Winona,2
1966,Winter,1
1971,Winter,4
1973,Winter,4
1976,Winter,1
1991,Winter,1
2000,Winter,1
2003,Winter,4
2008,Winter,1
2010,Winter,1
2012,Winter,1
2013,Winter,1
2002,Xavier,2
1961,Yvonne,2
2018,Zack,1
